county,year,rainfall_mm,rainfall_anomaly,ndvi_mean,ndvi_anomaly,yield_t_ha
Baringo,2017,86.17301477910951,0.09142017230771878,0.4109682168963639,0.01753054244625776,
Baringo,2018,111.70057151575263,-0.040695264546628786,0.49718106156837266,0.86352694039575,
Baringo,2019,93.17570935942543,0.10518684315519204,0.40699290536174426,-0.11451795591568188,
Baringo,2020,125.92601402131065,0.6955538267852823,0.5066729200131107,1.1028166793715954,
Baringo,2021,69.34176713538666,-0.37616744819779885,0.3844632829770888,-0.39497903810126633,
Baringo,2022,72.14339979578897,-0.24044208095215047,0.3416655015959292,-0.9236775252985048,
Baringo,2023,73.55471102932158,-0.451052197421603,0.3658738659498649,-0.6996683935151263,
Baringo,2024,99.34903639197971,0.21619614886998786,0.4421516275829622,0.292889907349601,
Bomet,2017,127.35457341993849,-0.37139784663730196,0.6503597674833549,-0.0523858225703548,
Bomet,2018,157.12370100760987,0.04658720525885194,0.6537219269123016,0.19072709803670126,
Bomet,2019,156.38452890949944,-0.0002888939107668446,0.6472307567253234,0.11816119519492325,
Bomet,2020,191.56388454325497,0.4277096657144484,0.6746905108166871,0.5886865951857364,
Bomet,2021,139.99643658287823,-0.20224135205790503,0.665708359225096,0.32119509611004876,
Bomet,2022,183.3063710537584,0.26772342663321425,0.6077752635748744,-0.6632103503092405,
Bomet,2023,153.18476156300554,-0.09219837199111712,0.6120872675913646,-0.4342373161801136,
Bomet,2024,162.85224195724973,-0.07589383300942383,0.648969495788977,-0.005360796122131022,
Bungoma,2017,150.0854619004143,-0.0171974460788534,0.5712634855532193,0.3879676449080069,
Bungoma,2018,152.26989173718417,-0.17963567056268262,0.5618139928730757,0.420049650818253,
Bungoma,2019,167.8400314594619,0.058648542369950284,0.5354866140053679,0.08220812380124361,
Bungoma,2020,206.55049565186104,0.7807449605743201,0.5621619024900355,0.32226403772379864,3.614279217826285
Bungoma,2021,137.26880727677295,-0.3471287102704817,0.5557070494954001,0.26163989716072666,2.8905851052417018
Bungoma,2022,151.3804874123695,-0.11842993870392493,0.4738289853688913,-1.0763716829782044,2.9786727807579165
Bungoma,2023,144.4507975075394,-0.32373224703549525,0.492418442100532,-0.7289037281835006,2.4008530162525443
Bungoma,2024,164.3229679179041,0.1467305097071676,0.5680523667021006,0.46848910652990566,2.301804046646068
Busia,2017,151.47508606609577,0.006005110599471304,0.5081730777362353,0.23990628309797674,
Busia,2018,146.34042781280974,-0.3562574886408114,0.4388513763107563,-0.06336015349136136,
Busia,2019,179.5131474211812,0.11840130645224879,0.4735957732235361,-0.12856842291422865,
Busia,2020,211.45510970583805,0.7521870419369132,0.49651391858189137,-0.01138444350931171,
Busia,2021,138.06004072353244,-0.2774756347397935,0.5023682469012185,0.25176238524972755,
Busia,2022,153.68237758458903,-0.10366557755676649,0.42368480306538453,-0.6863992561436465,
Busia,2023,161.2900184680087,-0.12506433355739477,0.47191524366177623,-0.042002202652233735,
Busia,2024,167.2169300322421,-0.014130424493867024,0.5195278218424981,0.45347611726371123,
Elgeyo-Marakwet,2017,127.93680062424392,0.11783464106489838,0.5910301877209642,0.5840230597884806,
Elgeyo-Marakwet,2018,145.78855001196885,-0.0974855562072761,0.5891753183899239,0.4041714964511665,
Elgeyo-Marakwet,2019,133.40829417761415,0.09372630450883275,0.5380477231231265,-0.1509757274914102,
Elgeyo-Marakwet,2020,178.9502429390171,0.7763677521747385,0.6024754390416922,0.8010948696073537,
Elgeyo-Marakwet,2021,101.25109949257846,-0.3883292353165804,0.5557350068032076,0.14291284812060198,
Elgeyo-Marakwet,2022,107.18438630412129,-0.2293954120841221,0.46783937099673506,-1.0644384479720104,
Elgeyo-Marakwet,2023,106.89651670586318,-0.4560066182274884,0.49702146680926146,-0.7579791997247147,
Elgeyo-Marakwet,2024,140.05437306157546,0.18328812408699746,0.5681195268784311,0.224583521686628,
Embu,2017,65.53449721634388,-0.5092156995420499,0.3765856114366546,-0.5688890395003273,
Embu,2018,123.56717285203437,0.4847704273347749,0.43478335773602766,-1.066066477637798,
Embu,2019,126.27172526561965,0.2015846405603118,0.3931418547898868,-0.36739508675240246,
Embu,2020,114.56341952069972,0.6368789351943991,0.4559732572196355,0.6124989802774156,
Embu,2021,68.24189384576555,-0.4549408840543281,0.42764063432143984,0.20656824798408893,
Embu,2022,64.09153872053139,-0.4442888341528343,0.4083180582692892,-0.14531642754313445,
Embu,2023,108.68763821773852,-0.07568591000165927,0.3940893543621344,-0.37050788289886727,
Embu,2024,114.21812832016501,0.16089732466138584,0.4576360947174652,0.6918424789337357,
Garissa,2017,36.0474424806113,-0.11427999762198014,0.1914295663552176,-0.8756186187561253,
Garissa,2018,62.50661901985101,0.5662102305399567,0.24505345603269976,-0.10336848485341465,
Garissa,2019,66.33765630180278,0.5287387783649125,0.23059438757899145,-0.0069834600892969,
Garissa,2020,47.30974658633977,0.3747009230686649,0.2831359649465343,0.7688012109291339,
Garissa,2021,20.28265474010065,-0.7894447699702472,0.21094229338466639,-0.332328402338216,
Garissa,2022,29.849339305451547,-0.5343442248252117,0.21358417826188092,-0.5280973020189307,
Garissa,2023,65.18874686948645,-0.015232890120632817,0.24219109725751928,-0.009873397876235571,
Garissa,2024,45.385871016420424,-0.016348049435462367,0.30687476637652766,1.078854414598634,
Homa Bay,2017,110.74334102248152,-0.22956588167817063,0.2979769023284098,-0.1542989398389329,
Homa Bay,2018,124.17263350457263,-0.16877381134794697,0.3304220409022863,0.31949072137659,
Homa Bay,2019,145.8950407144924,0.18687128748062434,0.3036850399964842,0.14076360445840733,
Homa Bay,2020,175.17011963265637,0.612740699728216,0.33011851614898635,0.571046021101905,
Homa Bay,2021,105.81246866487588,-0.42283730095295163,0.29524714676760594,-0.10685945767229754,
Homa Bay,2022,146.91108911174038,0.3406273463501149,0.29364500925130255,-0.12935765544702207,
Homa Bay,2023,140.6040301192164,-0.056190266779551246,0.27842231743300433,-0.43983312130189334,
Homa Bay,2024,122.69378457151606,-0.2628720728003348,0.2952533235906911,-0.1339367373191854,
Isiolo,2017,16.329849778723048,-0.45638838037638124,0.1275881257620321,-0.7387379424374323,
Isiolo,2018,46.77185090951389,0.26752022623353733,0.2091346328433729,0.4436193417500853,
Isiolo,2019,42.04195507705541,0.17982449803083547,0.1739914070856072,-0.25729003875853035,
Isiolo,2020,36.86283582260666,0.5070419720243782,0.21331182148333727,0.5465474904633346,
Isiolo,2021,14.021716033729414,-0.6803268274408726,0.13580945272943384,-0.6826179508393183,
Isiolo,2022,20.540616232445853,-0.152872633953369,0.12811101862465607,-0.8234806253075364,
Isiolo,2023,53.243908169863666,0.12594887238812014,0.2170531888140488,0.2695327814103397,
Isiolo,2024,32.17896280725781,0.20925227309375147,0.24541860160811568,1.2178337269951132,
Kajiado,2017,29.74646643580248,-0.44274656071151147,0.20487783412672175,-0.6657396138072117,
Kajiado,2018,83.11050035298103,0.36923853499949466,0.32103613233783246,0.19259682949870488,
Kajiado,2019,64.44137275007476,0.49234548065954936,0.2567681098333939,-0.31348922667231355,
Kajiado,2020,69.58690363506321,0.26850633043429545,0.3557405440590416,0.8223340498738069,
Kajiado,2021,38.39771515553972,-0.37209687285968385,0.28134514483086775,-0.08885283544767282,
Kajiado,2022,37.3764185392259,-0.5805815913635615,0.21687395183606217,-0.7804208832482936,
Kajiado,2023,51.01628439128399,-0.44196140388348093,0.23289841715825357,-0.5585239965116255,
Kajiado,2024,85.79727584890618,0.707296082724898,0.3869661491981993,1.2504311506699948,
Kakamega,2017,163.6945175821893,-0.14250370677111124,0.5899092684909356,0.23450082108021145,
Kakamega,2018,170.41860335304713,-0.20233113203550082,0.5817636660878438,0.258734093685351,
Kakamega,2019,184.18700587827092,0.001167787608027863,0.5673672336367662,-0.23449418792482227,
Kakamega,2020,234.01637046597898,0.7891201980437142,0.5914250930935173,-0.007042823478555865,2.708366657514951
Kakamega,2021,159.65360653338334,-0.2773599237863295,0.5783556020298598,-0.17579129293519682,2.6673372961438804
Kakamega,2022,180.23195275788507,-0.02250366579117029,0.560821175531291,-0.33512311022693736,1.533857970409674
Kakamega,2023,175.27491110935807,-0.1768260787879282,0.5579102187238673,-0.2939189995390446,1.5145546771466436
Kakamega,2024,182.26608596004613,0.031236521520297916,0.6090796350314308,0.6373607578503498,2.0227322425152834
Kericho,2017,136.2885190906624,-0.2505356305289955,0.6374645450250621,0.6293744393393595,
Kericho,2018,162.43440213690823,0.06341216353051395,0.6247706218720102,0.022592544504818984,
Kericho,2019,145.94265597530952,-0.15653466578951997,0.6029779720585638,-0.03387769303435525,
Kericho,2020,193.0278491259863,0.5420526096375631,0.6567448957995142,0.7464296152659123,
Kericho,2021,138.30579800531268,-0.19868237980235207,0.613388581170344,0.045504543018626914,
Kericho,2022,167.5442122806368,0.2169508620460817,0.566481639027201,-0.6842527423643799,
Kericho,2023,144.06117875377336,-0.2248614032151961,0.563297482943784,-0.6676611439739687,
Kericho,2024,157.0036643088291,0.008198444121905055,0.6156825642353194,0.0018691553572010994,
Kiambu,2017,62.746181895490736,-0.425214028225102,0.5378013557330175,0.6520044834879216,
Kiambu,2018,148.22318849076206,0.41552507878943756,0.556890466446593,0.5001088108280766,
Kiambu,2019,113.3838146434476,0.47206995560758763,0.4454572719276801,-0.2463037092644262,
Kiambu,2020,122.30362970926217,0.3213670498114737,0.505264449770292,0.31294432394520694,
Kiambu,2021,72.4172732649992,-0.3548056426036334,0.45843420366537035,-0.07583763221854274,
Kiambu,2022,61.6292253965706,-0.5959094845874805,0.39279038216199536,-0.7990175013487693,
Kiambu,2023,84.9961704922219,-0.3677748700449524,0.414441500334644,-0.6428223411953745,
Kiambu,2024,165.87445077633797,0.5347419412526696,0.5465617797775696,0.5869518893449067,
Kilifi,2017,82.15569095942192,0.039159288499550866,0.36008888815807377,0.3073712604180411,
Kilifi,2018,114.92383670919419,0.6402167195939475,0.4490002581191445,0.7285998147186409,
Kilifi,2019,113.62900771914671,0.1962955325914805,0.35481888343802165,0.2855093929468548,
Kilifi,2020,97.97932969390725,0.2872529817417942,0.41900666995393937,1.0900558148230506,
Kilifi,2021,45.23503024080613,-0.5641046025895876,0.2870744975287684,-0.7906173126052675,
Kilifi,2022,64.65719256346347,-0.3212544844426115,0.2751655002591815,-0.8321657562333394,
Kilifi,2023,125.34828025234553,0.16880721698984077,0.29757360231382185,-0.5342143569574092,
Kilifi,2024,69.55733944138046,-0.44637265238441487,0.3726281494795365,0.2890609521592739,
Kirinyaga,2017,77.05643617951621,-0.43062627588411245,0.5246602026823177,0.2793469749527098,
Kirinyaga,2018,155.5814223792404,0.45435329223995574,0.5720984378367683,0.18993809567618794,
Kirinyaga,2019,144.86087128395835,0.24034942736890266,0.46990730574435613,0.013916042907279139,
Kirinyaga,2020,144.4768106235812,0.5797923937627792,0.5183300307501907,0.520322507779848,
Kirinyaga,2021,80.5863828578343,-0.46890894043236003,0.4846493262555578,0.24724850501680842,
Kirinyaga,2022,77.98453661452125,-0.45792091019633113,0.36870691774150255,-0.7786163481254808,
Kirinyaga,2023,118.38268037326634,-0.17027050713090286,0.4168159795832236,-0.520604642499438,
Kirinyaga,2024,141.8913142029196,0.2532315202720688,0.5052442862530115,0.24986305320877514,
Kisii,2017,143.11119691003114,-0.3833513323449347,0.6335167705176586,0.38515948585541304,
Kisii,2018,162.1918234595408,-0.11641252763305825,0.647673894616238,0.49958789602240666,
Kisii,2019,178.2451930542787,-0.005287268312428983,0.6125478228682318,-0.09103978554999954,
Kisii,2020,214.90332824240127,0.4415643628786469,0.6570640933674522,0.7439084331092469,
Kisii,2021,147.79443564576408,-0.2914070965266707,0.6335750552788323,0.24636246965899167,
Kisii,2022,203.3493549371051,0.3996364489782705,0.5552354758693747,-0.9722479282714994,
Kisii,2023,188.09021000719318,0.15162249379641907,0.5920630117239737,-0.42745105839430414,
Kisii,2024,165.94311062376906,-0.19636508083624374,0.5955131128132974,-0.3010148630931883,
Kisumu,2017,133.0097405935327,-0.21304991069146373,0.3726221630206132,-0.1128590033524179,
Kisumu,2018,146.23803214806443,-0.12494622835745589,0.3977858393450936,0.12736555273300404,
Kisumu,2019,145.5266590708246,-0.1536905167084691,0.4006240534693117,0.30574383592897814,
Kisumu,2020,196.58957704218724,0.6423318574892173,0.43535013553800633,0.9770309071577902,
Kisumu,2021,132.85205580014735,-0.20683294211347533,0.3692413587842068,-0.20549839752575716,
Kisumu,2022,165.33294914112977,0.2102847666538882,0.371761121016543,-0.07804944649471755,
Kisumu,2023,152.71351744234562,-0.07979953559844712,0.342779256212231,-0.6770021754591702,
Kisumu,2024,155.12713371721716,-0.07429749067379425,0.3682992381188232,-0.31550368086554337,
Kitui,2017,38.04257085772891,-0.30956949165817693,0.2533119600330682,-0.6966964735958657,
Kitui,2018,79.87553825813423,0.4033089156014327,0.35523339551154315,0.6055972700814067,
Kitui,2019,83.66845715991803,0.485039940598141,0.2748154854055845,-0.5000290473730241,
Kitui,2020,68.27500471308365,0.6245328746156577,0.38866670090686023,0.945776544820629,
Kitui,2021,32.922250302071916,-0.5341924087041846,0.28010729283307506,-0.4784571501772252,
Kitui,2022,39.36065769055858,-0.5096129831785144,0.2837977106503464,-0.5377570787775423,
Kitui,2023,81.385140774985,-0.151324050689307,0.3128293249300968,-0.06652225511183374,
Kitui,2024,70.68966839336402,-0.008182796585048521,0.3684944221448975,0.662438550374261,
Kwale,2017,95.64117444104825,-0.05395161812339188,0.2969826586491801,-0.32987139978916363,
Kwale,2018,123.78226108294136,0.31683028133461993,0.43150806606109793,0.3510326980221984,
Kwale,2019,127.26159270794597,0.33075797323372624,0.3653564656900139,0.41698993634583187,
Kwale,2020,123.66128286784321,0.5244131223622451,0.4135416116584811,0.6926361476257029,
Kwale,2021,58.260361014554896,-0.4816303074725632,0.2954089368497865,-0.5201124753898443,
Kwale,2022,73.79769033923124,-0.2546482524891183,0.2463076531318454,-1.0385562603452292,
Kwale,2023,133.02541859153038,-0.04127364025024554,0.3237352728086544,-0.02497753269956764,
Kwale,2024,71.8188448655419,-0.3404975585952725,0.3861647848668058,0.503646647811457,
Laikipia,2017,58.389323545852676,-0.06392795177493521,0.3557590918387956,-0.07041053597493264,
Laikipia,2018,95.37817890942097,0.1577249398201098,0.4121576166832641,0.33378600018518206,
Laikipia,2019,79.79263059631921,0.27639133136990984,0.3655472521411099,0.10428758649885828,
Laikipia,2020,92.34521940598886,0.5853947553248563,0.4436555714242867,0.9317920171457513,
Laikipia,2021,50.01510725764092,-0.3473727677287812,0.3210809072642635,-0.4073777077296154,
Laikipia,2022,49.41493289126083,-0.4264576741995625,0.25657935201267973,-1.082101473680721,
Laikipia,2023,67.68547756791425,-0.30362369615976775,0.30664096735922003,-0.6504045901778469,
Laikipia,2024,74.03953974930725,0.12187106334817072,0.4420157697415828,0.896059703764189,
Lamu,2017,62.19103151629679,-0.4161268261397397,0.5023895985119144,0.5920631649879398,
Lamu,2018,97.45071863359772,0.39728858557053376,0.5055244686720347,0.6457829433105224,
Lamu,2019,84.65775138244499,0.46856917472662624,0.4496211641291255,-0.028296311280733955,
Lamu,2020,76.22045036192624,0.3548880028896957,0.49146264502948167,0.37932523536826573,
Lamu,2021,31.85894449024151,-0.6923568918239965,0.38420912034495047,-0.9943771677145247,
Lamu,2022,54.326627708476735,-0.35147098236018165,0.4064183081583855,-0.6313758190698824,
Lamu,2023,99.19429791990358,0.5094382511281615,0.41565634861095546,-0.5280526687085169,
Lamu,2024,65.5018843233761,-0.27022931399109934,0.5307253053579158,0.9282073954574225,
Machakos,2017,44.53033500777868,-0.40061328777015887,0.2824165551697644,-0.5941100894490374,
Machakos,2018,97.29827521461993,0.4984862158296475,0.40003020846185094,0.13570304148220116,
Machakos,2019,93.18108508177102,0.46504073726197453,0.31419890075685714,-0.20060750489556312,
Machakos,2020,85.53914027640712,0.366981769018592,0.3830225719129477,0.567892228407169,
Machakos,2021,51.05277626513271,-0.35358323434858324,0.3256817002628665,-0.09081187121291918,
Machakos,2022,47.80605045889388,-0.5903663100107435,0.3140074338329264,-0.38843953173432694,
Machakos,2023,72.02704917817998,-0.5055596240698321,0.31099761433510004,-0.538742449451881,
Machakos,2024,110.7623210816887,0.5196137340891036,0.40733626613423696,0.9181132402015092,
Makueni,2017,40.3753724663984,-0.29276637044108017,0.2694645862563973,-0.8001616604355133,
Makueni,2018,88.26566327728021,0.48773038183196893,0.41234045709378137,0.6290925353986216,
Makueni,2019,81.27218355073516,0.4552903200787222,0.31155060463375284,-0.3000870707423732,
Makueni,2020,79.13505996142824,0.4593359770502041,0.4009706218496423,0.6844384966348317,
Makueni,2021,39.91714195235787,-0.3824660788711935,0.34855806364945635,-0.0258741894505482,
Makueni,2022,39.87230642021556,-0.651033076574818,0.30541361726965216,-0.5957509949159298,
Makueni,2023,70.435953910773,-0.3239286678392976,0.3273034379026441,-0.28715860020401734,
Makueni,2024,86.95276507410381,0.24783751476549387,0.4061135331385873,0.6145655849255615,
Mandera,2017,25.807206245527293,-0.30103134081673827,0.19609467489476728,-0.5035435725932582,
Mandera,2018,45.38975923011844,0.4240573132075733,0.22877832685175625,0.040398463965520666,
Mandera,2019,43.96899265047978,0.18646947329709598,0.23190462721638827,-0.18024529325246696,
Mandera,2020,31.84150293545243,0.21193557041749791,0.2500680635063388,0.6401229286365332,
Mandera,2021,23.169229487267632,-0.4999450057390118,0.19877703035726801,-0.2795271752091442,
Mandera,2022,21.643955449935447,-0.27609071653627754,0.1684510186004552,-0.8607262811886708,
Mandera,2023,68.86845727388088,0.1898428762203368,0.23327267352981496,0.00781920239066151,
Mandera,2024,33.921595127719534,0.0647618299495236,0.27426135331556917,1.1072059175232274,
Marsabit,2017,25.00179034213943,-0.0697347163678651,0.10293069189108946,-0.4086545028713214,
Marsabit,2018,41.41513510159469,0.33151958577239443,0.15859723470212336,0.2322024730833073,
Marsabit,2019,35.99371054524454,0.0737517083843131,0.1259765172952582,-0.26168100895147534,
Marsabit,2020,35.785003760636755,0.483187928060037,0.14679891133688613,0.48415146840392387,
Marsabit,2021,16.31294431090646,-0.5895016608316193,0.09987271201337387,-0.39070993195462456,
Marsabit,2022,21.01833753455624,-0.37831215237239885,0.07889615340535415,-0.7689208559031374,
Marsabit,2023,49.487233749042694,-0.23232383052371228,0.14968516608765461,0.09221208221296594,
Marsabit,2024,36.37414347551733,0.3814131378788506,0.17167026209568348,1.021400275980362,
Meru,2017,66.42450358175363,-0.5919180911795161,0.39354238236952926,0.08230958966307228,
Meru,2018,128.99246378126554,0.3916514768956525,0.43321185968533066,0.13918398348819583,
Meru,2019,134.86505030083936,0.26893960098899433,0.39723753767373954,-0.1865837196037238,
Meru,2020,123.09446723060682,0.6451435840707982,0.46284487530890694,0.7961006819805793,
Meru,2021,65.30337023634154,-0.5427240203859792,0.3917196270079375,-0.2252277947841873,
Meru,2022,67.39537414326333,-0.3347951955580078,0.3188343296791583,-1.1022599967478566,
Meru,2023,134.6747672331209,0.127585480572701,0.38774123887874096,-0.5004091490793133,
Meru,2024,112.21158142538843,0.03611716459535699,0.4764299351475489,1.0522597983710513,
Migori,2017,101.41194338863716,-0.2754683089962695,0.3922131438305327,-0.28575142046191987,
Migori,2018,117.55014285274471,-0.20839500653545892,0.4127919248505467,0.15879738215610814,
Migori,2019,138.93302147307745,0.2404203494860374,0.4125730671679528,0.12421179801630115,
Migori,2020,165.40789853278935,0.5038187062971898,0.4446450416388343,0.7995101483916764,
Migori,2021,99.99442310910672,-0.431832957645048,0.4143101339308754,0.036897954210650855,
Migori,2022,144.10338785200534,0.45387085931815907,0.3969750083580661,-0.3442714050511182,
Migori,2023,135.18564903130755,0.09927665753686014,0.39119369542804044,-0.38181861219070456,
Migori,2024,108.28980095218064,-0.3816902994614701,0.4137826297440095,-0.10492223308347014,
Mombasa,2017,129.86157650748888,0.1457584066796734,,,
Mombasa,2018,157.10823566963276,0.3725403818393291,0.3755555937675114,0.7655240735323252,
Mombasa,2019,148.1672668859052,0.05103856650188088,0.31297713695101315,0.36245656839274526,
Mombasa,2020,154.68633724329993,0.4053057080566275,0.34965358449037076,0.6192395333851658,
Mombasa,2021,66.39924753208955,-0.4743232242329223,0.23566059481948454,-1.1399562272698704,
Mombasa,2022,91.64670933037996,-0.32126380530722415,0.25807804514651145,-0.553700847327615,
Mombasa,2023,163.76323737452427,-0.005616004162403214,0.2838885315415488,-0.18157566305594888,
Mombasa,2024,89.88574401258181,-0.17344002937496125,0.3454484878627962,0.5956322888181426,
Murang'a,2017,77.35396167077124,-0.3509722392998555,0.506580482286294,0.031210376171722874,
Murang'a,2018,176.2246769949173,0.5722049872651499,0.5507857072543693,-0.24755288409613027,
Murang'a,2019,143.17206931114197,0.3393724247292771,0.5144509458626809,0.17256352431420482,
Murang'a,2020,150.12548874194422,0.43726359368702866,0.5465112415644053,0.34112681835074704,
Murang'a,2021,82.98983146250248,-0.3741202958670879,0.4996040429282036,0.059547986545617236,
Murang'a,2022,78.02683439950972,-0.5719078489062188,0.4482688973324105,-0.557591515099449,
Murang'a,2023,112.82379648151498,-0.38865200515741855,0.4554082924087572,-0.5830492597964477,
Murang'a,2024,180.93396410311107,0.33681138354912504,0.5739926633763396,0.6936022419745634,
Nairobi,2017,44.90234281371037,-0.4141550277811248,0.319759594678485,0.015473674690414163,
Nairobi,2018,108.59476684778929,0.3639273469842876,0.3346103468145409,-0.2997409294159997,
Nairobi,2019,91.34222301902871,0.4623267631525128,0.29235776816756737,-0.17881926593420902,
Nairobi,2020,90.81494694245823,0.27210664678521657,0.3568464873119872,0.5557868438619568,
Nairobi,2021,58.16356002787749,-0.27649005539315025,0.3031707942390196,-0.09875343104388533,
Nairobi,2022,47.05775673478335,-0.6063342163290383,0.25232643093836854,-0.6153641946142548,
Nairobi,2023,62.62217650748789,-0.4315885139855001,0.2569364624896941,-0.6647897102090318,
Nairobi,2024,130.3567942533506,0.6302070565667967,0.4012987315867312,1.0387174212154646,
Nakuru,2017,83.3898293824556,-0.13738877283895948,0.46315070562690236,0.24398522346329773,
Nakuru,2018,129.33716815935136,0.10553499190657578,0.4783147667659703,0.2698893291789211,
Nakuru,2019,101.40533304276566,0.09501822304739356,0.4384785588186469,-0.18673475091878167,
Nakuru,2020,126.3870024419545,0.48750555822408276,0.5359708279578974,1.067836176863923,3.1733602204331697
Nakuru,2021,80.74032071302645,-0.3170057641603096,0.44749011562239477,-0.17836466758238348,2.7703620038562025
Nakuru,2022,88.91388196236221,-0.08343260570855608,0.3936697005154724,-0.9414718508606118,3.2237955213752545
Nakuru,2023,86.58600415056571,-0.38044267801001214,0.4099749765185847,-0.7235502596783762,3.0140198684762836
Nakuru,2024,121.00228654484575,0.23021104753978527,0.4999043860329033,0.5587060112155936,2.1380413255525785
Nandi,2017,151.303076216951,-0.21050113434409237,0.6499315962685678,0.6038007498262213,
Nandi,2018,165.78249605178522,-0.10684183690880007,0.6567126947468871,0.7135727428522642,
Nandi,2019,159.08130309482416,-0.16928757438959288,0.5955182537277645,-0.29309985050698856,
Nandi,2020,216.3353374833241,0.6983033033385103,0.6476601723059311,0.4806920289186838,
Nandi,2021,154.7351641265365,-0.15872295802970424,0.6230650957270217,0.23126592075379873,
Nandi,2022,174.96657723374665,0.10735951294978631,0.5629038591193319,-0.8760074392562925,
Nandi,2023,162.6428434040087,-0.1599395781215632,0.5596546857639443,-0.6856219484250592,
Nandi,2024,167.29810604534578,-0.00036973449454374974,0.61113172161178,-0.05567341368725328,
Narok,2017,69.6524649229056,-0.39505168228165716,0.43060416050463624,-0.43797999928554926,
Narok,2018,120.77788555105992,0.13632109716850346,0.5217664708824314,0.6224679147257745,
Narok,2019,102.69563541895089,0.23641103454868392,0.4517081124786479,-0.22181856985636825,
Narok,2020,122.08634215240211,0.26816575474685544,0.5337772969834215,1.0167512728076018,
Narok,2021,78.27437484605859,-0.35609636251579885,0.4652357462171099,-0.08284827148226159,
Narok,2022,100.16464739686732,-0.031223159529829892,0.4170820310271783,-0.8553629089640857,
Narok,2023,94.04500326611257,-0.16795769059940793,0.421814842177138,-0.6750277164869806,
Narok,2024,129.5724076166904,0.309431008462651,0.5195759933518694,0.7375629309961634,
Nyamira,2017,144.06819479788342,-0.36691285457624706,0.6773766314100087,0.625109770371507,
Nyamira,2018,162.27871157725653,-0.12087396697307386,0.6887493223081381,0.699035646627019,
Nyamira,2019,174.62312876433134,-0.07436121470107543,0.6311441407283783,-0.3068421148113805,
Nyamira,2020,212.99881021802625,0.4329472785270936,0.6744533245886003,0.3636983597814134,
Nyamira,2021,155.1146901473403,-0.2099636376967314,0.663040520915804,0.17260447149857217,
Nyamira,2022,204.51892111698785,0.3953502696886164,0.601876866168573,-0.8355547817718917,
Nyamira,2023,181.15065316141894,0.05205630555035933,0.6421637577391333,-0.18453595005077142,
Nyamira,2024,173.91785446740687,-0.10824217981894152,0.639402789407244,-0.3066640091234237,
Nyandarua,2017,85.56305341764043,-0.05760526475586527,0.5331919730367228,0.18571453955950054,
Nyandarua,2018,149.2212442085147,0.25865781917049024,0.5804909776874728,0.6080163285687841,
Nyandarua,2019,109.02718605815123,0.15002093643403805,0.4982926733224527,-0.1000053935665195,
Nyandarua,2020,134.5119283820192,0.5040137724333853,0.571525122013664,0.6551246358816344,
Nyandarua,2021,80.4381674642985,-0.32412128497581705,0.5183727917060527,0.06529961323885258,
Nyandarua,2022,77.20928810800736,-0.3369028825279128,0.41153444650602733,-1.1062963541654696,
Nyandarua,2023,87.97720499616116,-0.42765390322712266,0.4539817759237988,-0.7635369247283109,
Nyandarua,2024,130.14164483733475,0.23359080744880414,0.5706815499965046,0.5570196099729943,
Nyeri,2017,79.66652621204655,-0.320389010016845,0.5402593824016286,-0.1283277657435517,
Nyeri,2018,152.20969814279428,0.3790410869908815,0.5722749913302803,0.1721874238095981,
Nyeri,2019,132.10894271017364,0.30659976479554535,0.5604110488944692,0.1651337598077323,
Nyeri,2020,149.1910241379713,0.5944077731820937,0.6064189934921773,0.7611818237982506,
Nyeri,2021,83.12429006552945,-0.47619162089606565,0.5406553404000088,0.06435689515561081,
Nyeri,2022,79.93495316648234,-0.4451451259851542,0.4257428917522333,-1.0822114232419355,
Nyeri,2023,108.66591569781303,-0.35976488660562395,0.4914976046750838,-0.6863626845950123,
Nyeri,2024,141.5261498109127,0.3214420185351681,0.6146665207919352,0.7700498179885811,
Samburu,2017,37.740182704971325,-0.1898594716223347,0.25552217643402647,-0.28459481134912296,
Samburu,2018,68.13996397453593,0.1691185405817102,0.31565581364845335,0.4854217390542449,
Samburu,2019,56.063099992034644,0.2115693117142592,0.2710606159569405,-0.011107494259135339,
Samburu,2020,62.44526471276671,0.621726068206719,0.334118467180724,0.8913807750381849,
Samburu,2021,28.96131667669397,-0.4419803346424136,0.24452501922346814,-0.39063971808917425,
Samburu,2022,33.63677409033213,-0.42757954025817485,0.19926209436338418,-1.0841635438391124,
Samburu,2023,60.72695190544861,-0.1311502377825924,0.23808922331670543,-0.6474089802581886,
Samburu,2024,52.48708669552192,0.18815566380282714,0.35083939356000493,1.1220156568780102,
Siaya,2017,126.76087185942258,-0.07745891409235725,0.3284995126166084,-0.08636690575587716,
Siaya,2018,130.16773813869804,-0.24467574394872948,0.3490877468799117,0.20478229445214843,
Siaya,2019,147.1443239323174,0.030692363356389068,0.31976635997279584,-0.40089862527453235,
Siaya,2020,180.84020314606218,0.6350371214172781,0.36403023016712216,0.3488305817635182,
Siaya,2021,118.38402688720574,-0.35663620938925283,0.3534650075898637,0.23228260751864585,
Siaya,2022,146.1808491696914,0.17109147410879202,0.32961140196623834,-0.08198898778487294,
Siaya,2023,147.06994282888868,-0.030764586046675757,0.3346380548935824,0.014786773244070303,
Siaya,2024,141.2217768920576,-0.12728550540544378,0.3323762431267307,-0.19462664884270883,
Taita Taveta,2017,44.04404204431921,-0.2727119489912924,0.24007791216541796,-0.22806896118218986,
Taita Taveta,2018,75.23841668178405,0.334793072217322,0.37013546462478675,0.9257805842400532,
Taita Taveta,2019,78.48338908368412,0.694444952684909,0.2715275345947296,0.05353203337435255,
Taita Taveta,2020,73.79412351869905,0.3680672405289178,0.352871154098973,0.6859556358200374,
Taita Taveta,2021,31.856312204365775,-0.5303360676162642,0.2618010449660701,-0.2609294890474938,
Taita Taveta,2022,38.85660272487439,-0.47473444174855883,0.21037682412294226,-0.9513745405672958,
Taita Taveta,2023,74.02780497275914,0.22892831459646132,0.22387127828718012,-0.6775845878603559,
Taita Taveta,2024,58.17313354389383,-0.3484511216714947,0.33551390956321453,0.4918262137125325,
Tana River,2017,28.896766117114264,-0.20353260243574578,0.18977904975879267,-0.4577379099215885,
Tana River,2018,56.297020816244185,0.569505400302171,0.2738131413009986,0.7225599082197632,
Tana River,2019,61.990475056993695,0.6497023337180824,0.19983722869988563,-0.2536850171807276,
Tana River,2020,45.17855427346755,0.33967897775593076,0.2640459031032123,0.7757599399937822,
Tana River,2021,18.612395070129423,-0.7509263873668907,0.17908115715972603,-0.6837674641570662,
Tana River,2022,26.281529812666122,-0.5151615029950626,0.1847174706652127,-0.713172958620635,
Tana River,2023,66.99207469197184,0.14700339264045634,0.21162141413693192,-0.18496806374048172,
Tana River,2024,41.66672605511849,-0.23626961161894164,0.2675395168710574,0.8170800652651359,
Tharaka,2017,69.36720214023565,-0.5441347767815377,0.31259797586971483,-0.9839399071273032,
Tharaka,2018,127.09990132134408,0.42030870226121353,0.3666914178743159,-0.6643485410275477,
Tharaka,2019,131.95457683658847,0.1548389015593291,0.3954231554490753,-0.16866513914360612,
Tharaka,2020,121.69628238320972,0.671006748524419,0.44884048077240135,0.7316311456972038,
Tharaka,2021,68.67946309720476,-0.48638376811160405,0.40902940952213607,0.11365003019837992,
Tharaka,2022,69.5262334109284,-0.3508699441762509,0.35089655210914117,-0.453529700790897,
Tharaka,2023,133.38968269635612,0.13020739554223734,0.40753668256397174,-0.015140979845154173,
Tharaka,2024,121.21399952981734,0.005026741182193516,0.46898661658058866,0.9462759877396035,
Trans Nzoia,2017,134.12287074684477,0.1488986682215294,0.5479757787076343,0.1763423187999005,
Trans Nzoia,2018,136.98654200164796,-0.12084733113507,0.5522425295542859,0.48767807368961225,
Trans Nzoia,2019,131.5759053764244,0.05736112849599743,0.5013294518478433,-0.15181601454518887,
Trans Nzoia,2020,175.96690401776382,0.8056173642331875,0.5529299770895734,0.5890294154810409,4.664339532665713
Trans Nzoia,2021,109.77975620236248,-0.370050241001361,0.528122785401656,0.13821905989687563,3.8090671397889624
Trans Nzoia,2022,120.69878096824202,-0.1925175201150424,0.45869418455226235,-0.9229673853240495,3.5735757830565484
Trans Nzoia,2023,111.5653213863261,-0.42768822408529145,0.4757087194565715,-0.5871131891195175,3.582225242873706
Trans Nzoia,2024,131.17706846144088,0.0992261553860504,0.545820419544627,0.40724243277705613,3.3858980924337474
Turkana,2017,26.028629402067356,-0.052773363591569054,0.15838974252309093,-0.3873122021465029,
Turkana,2018,40.029048434570235,-0.06861350459608744,0.21534461990191991,0.2720488729938237,
Turkana,2019,33.38841758441655,0.12423757022200754,0.17351991228027386,-0.06747847721373229,
Turkana,2020,44.02946046604726,0.6891292188260937,0.23659681046816608,1.2310830229481178,
Turkana,2021,20.092178410108318,-0.4747326715238922,0.16446932638408157,-0.22299349426248397,
Turkana,2022,22.432280437305355,-0.30995762958922585,0.14311006875150004,-0.691941825092011,
Turkana,2023,30.328539337502054,-0.4024663228109409,0.15765405094910864,-0.5861200058110086,
Turkana,2024,41.70024827213698,0.4951767030636139,0.203591287263873,0.45271410858379685,
Uasin Gishu,2017,116.85619346999253,-0.04078388970755075,0.5133024276806032,0.4079617316309418,
Uasin Gishu,2018,133.58553000570586,-0.1158157146083787,0.5151201777251616,0.6181063507967574,
Uasin Gishu,2019,122.28474323622261,-0.029496365553691357,0.4631204874228323,-0.07590879767330412,
Uasin Gishu,2020,167.59364277279624,0.6931915402520428,0.5094548135183262,0.540293049131199,4.267086608286059
Uasin Gishu,2021,104.57083751649286,-0.2658594298792089,0.471406957030434,-0.01741053898649551,3.6829279946485736
Uasin Gishu,2022,118.28306565651049,-0.039267905966033696,0.41269695773870213,-0.9225516532957476,3.5
Uasin Gishu,2023,105.49157942955692,-0.4119766541318632,0.4357851981446932,-0.5487366598582603,4.041094612586179
Uasin Gishu,2024,132.70092888975827,0.21000841959468397,0.49371733213605046,0.1867699169233429,4.515610836471699
Vihiga,2017,175.65702741468945,-0.10481119989283538,0.6210905603844229,0.2916788834796338,
Vihiga,2018,179.77324267476797,-0.21084923313779136,0.6249896983650427,0.16199347121200863,
Vihiga,2019,196.7023195127646,-0.033494234198208406,0.5930695278261461,-0.2668268419110747,
Vihiga,2020,247.63390712688366,0.6553453804931965,0.6185110705747717,0.30503062352335325,
Vihiga,2021,168.59514144683877,-0.23635942642722796,0.6093833088926237,0.08655117271239221,
Vihiga,2022,199.46401255143186,0.05516112293277727,0.584936887020246,-0.398790333194101,
Vihiga,2023,198.36512249335647,-0.02010131604078166,0.5793718645043563,-0.23918912801952316,
Vihiga,2024,195.21503990910364,-0.10489109372912893,0.6125926113307559,0.11085763768928203,
Wajir,2017,26.861620406469836,-0.08223049079671647,0.17200697334995016,-0.4838274892256294,
Wajir,2018,49.65378434443846,0.3585020831885941,0.22479408678362123,0.5349718259934151,
Wajir,2019,47.54686208841546,0.2269320755567279,0.18933022898703386,-0.2555570991825407,
Wajir,2020,37.417076970805034,0.4401123223696488,0.2027291696288769,0.1783070732084625,
Wajir,2021,16.102140314348315,-0.7050629036745883,0.15533882524761458,-0.5309027500967997,
Wajir,2022,21.281260551370604,-0.23178124614589432,0.1369256879371159,-0.9126708295791931,
Wajir,2023,66.87098675237696,0.017544016466666704,0.2172342205775364,0.2287289919488983,
Wajir,2024,30.61613840298014,-0.024015856964438972,0.24212184213457155,1.1691564025324364,
West Pokot,2017,86.52012923274499,0.23678769731691263,0.38678779017711884,-0.3364959330155864,
West Pokot,2018,96.87748631253164,-0.0689717232951827,0.41552740543839395,0.12324654479906912,
West Pokot,2019,87.69007773053211,0.1320155079236709,0.42195755298487003,0.10139942648288347,
West Pokot,2020,120.03897899148676,0.7881334722853627,0.5094281823149162,1.2708044863849695,
West Pokot,2021,61.70793338434305,-0.4675517655097244,0.41579184433384775,0.09936268249144313,
West Pokot,2022,62.00719000424397,-0.3978298149991129,0.3458459191513341,-0.8451257382286208,
West Pokot,2023,67.25792028370779,-0.49315864720912345,0.3509915530626509,-0.8164276333305257,
West Pokot,2024,94.79361318265849,0.2705752734871973,0.44021301700431126,0.3676945997136157,
