harvest_weight,fallow_weight,grain_fill_weight,severe_count
0.0,0.0,0.4,8
0.0,0.0,0.7,8
0.0,0.0,0.9,10
0.0,0.05,0.4,8
0.0,0.05,0.7,8
0.0,0.05,0.9,10
0.0,0.1,0.4,8
0.0,0.1,0.7,8
0.0,0.1,0.9,10
0.0,0.2,0.4,8
0.0,0.2,0.7,8
0.0,0.2,0.9,10
0.1,0.0,0.4,8
0.1,0.0,0.7,8
0.1,0.0,0.9,10
0.1,0.05,0.4,8
0.1,0.05,0.7,8
0.1,0.05,0.9,10
0.1,0.1,0.4,8
0.1,0.1,0.7,8
0.1,0.1,0.9,10
0.1,0.2,0.4,8
0.1,0.2,0.7,8
0.1,0.2,0.9,10
0.2,0.0,0.4,8
0.2,0.0,0.7,8
0.2,0.0,0.9,10
0.2,0.05,0.4,8
0.2,0.05,0.7,8
0.2,0.05,0.9,10
0.2,0.1,0.4,8
0.2,0.1,0.7,8
0.2,0.1,0.9,10
0.2,0.2,0.4,8
0.2,0.2,0.7,8
0.2,0.2,0.9,10
0.3,0.0,0.4,8
0.3,0.0,0.7,8
0.3,0.0,0.9,10
0.3,0.05,0.4,8
0.3,0.05,0.7,8
0.3,0.05,0.9,10
0.3,0.1,0.4,8
0.3,0.1,0.7,8
0.3,0.1,0.9,10
0.3,0.2,0.4,8
0.3,0.2,0.7,8
0.3,0.2,0.9,10
0.4,0.0,0.4,8
0.4,0.0,0.7,8
0.4,0.0,0.9,10
0.4,0.05,0.4,8
0.4,0.05,0.7,8
0.4,0.05,0.9,10
0.4,0.1,0.4,8
0.4,0.1,0.7,8
0.4,0.1,0.9,10
0.4,0.2,0.4,8
0.4,0.2,0.7,8
0.4,0.2,0.9,10
0.5,0.0,0.4,8
0.5,0.0,0.7,8
0.5,0.0,0.9,10
0.5,0.05,0.4,8
0.5,0.05,0.7,8
0.5,0.05,0.9,10
0.5,0.1,0.4,8
0.5,0.1,0.7,8
0.5,0.1,0.9,10
0.5,0.2,0.4,8
0.5,0.2,0.7,8
0.5,0.2,0.9,10
0.6,0.0,0.4,8
0.6,0.0,0.7,8
0.6,0.0,0.9,10
0.6,0.05,0.4,8
0.6,0.05,0.7,8
0.6,0.05,0.9,10
0.6,0.1,0.4,8
0.6,0.1,0.7,8
0.6,0.1,0.9,10
0.6,0.2,0.4,8
0.6,0.2,0.7,8
0.6,0.2,0.9,10
