county,lat,lon,ph,nitrogen_total,phosphorous_extractable,potassium_extractable,carbon_organic,cation_exchange_capacity,clay_content,sand_content
Trans Nzoia,0.9657,34.9432,5.4,1.6,12.5,147.4,19.1,11.2,44.0,34.0
Trans Nzoia,1.1438,35.0617,5.6,2.1,10.0,147.4,21.2,15.4,41.0,36.0
Trans Nzoia,1.146,34.8732,5.7,1.7,15.4,243.7,15.4,17.2,41.0,29.0
Trans Nzoia,0.9752,34.7294,5.5,2.9,11.2,180.3,29.0,17.2,38.0,34.0
Trans Nzoia,0.9955,34.7778,5.5,2.5,13.9,163.0,26.1,19.1,40.0,36.0
Trans Nzoia,1.1245,34.9457,6.0,1.5,11.2,243.7,15.4,13.9,44.0,31.0
Trans Nzoia,1.139,34.748,5.4,2.9,11.2,163.0,29.0,15.4,38.0,34.0
Trans Nzoia,0.9109,34.8094,5.5,2.3,10.0,180.3,21.2,11.2,43.0,30.0
Trans Nzoia,1.0457,34.9877,5.8,1.5,10.0,163.0,19.1,11.2,42.0,38.0
Trans Nzoia,1.0959,34.9344,5.8,1.5,9.0,220.4,13.9,13.9,41.0,37.0
Trans Nzoia,1.131,34.7638,5.4,2.9,10.0,180.3,26.1,17.2,42.0,33.0
Trans Nzoia,1.2105,34.8324,5.9,1.5,13.9,269.4,17.2,13.9,43.0,36.0
Trans Nzoia,0.9392,34.7756,5.5,2.6,12.5,243.7,23.5,15.4,38.0,36.0
Trans Nzoia,1.056,35.0968,5.7,2.2,8.0,163.0,21.2,15.4,46.0,33.0
Trans Nzoia,1.0985,34.6365,5.6,3.7,13.9,163.0,32.1,13.9,31.0,42.0
Bungoma,0.6155,34.735,5.8,1.0,11.2,108.9,10.0,8.0,37.0,36.0
Bungoma,1.0747,34.6577,5.7,3.3,12.5,199.3,39.4,15.4,35.0,40.0
Bungoma,0.7444,34.4481,6.0,0.9,13.9,163.0,10.0,11.2,30.0,54.0
Bungoma,0.9715,34.4941,5.4,4.3,11.2,180.3,43.7,12.5,34.0,41.0
Bungoma,0.5415,34.5456,5.8,1.1,12.5,133.3,11.2,9.0,38.0,33.0
Bungoma,0.7054,34.7782,5.5,1.2,8.0,98.5,13.9,9.0,43.0,36.0
Bungoma,0.7713,34.7324,5.4,1.3,8.0,98.5,15.4,9.0,44.0,30.0
Bungoma,0.5454,34.5679,5.5,1.0,9.0,108.9,10.0,9.0,39.0,38.0
Bungoma,0.5184,34.6032,5.6,1.3,11.2,133.3,12.5,11.2,40.0,31.0
Bungoma,0.4646,34.6518,5.5,0.8,12.5,98.5,9.0,7.2,44.0,34.0
Bungoma,0.7739,34.7355,5.5,1.3,7.2,120.5,15.4,10.0,46.0,34.0
Bungoma,0.7564,34.6048,5.8,1.7,9.0,120.5,15.4,13.9,44.0,34.0
Bungoma,0.9997,34.5955,5.6,3.8,15.4,163.0,39.4,12.5,31.0,38.0
Bungoma,0.9211,34.6885,5.1,3.8,12.5,163.0,35.6,19.1,39.0,33.0
Bungoma,0.9147,34.507,5.2,3.9,12.5,180.3,43.7,19.1,35.0,33.0
Uasin Gishu,0.4307,35.2144,5.7,1.6,11.2,220.4,17.2,12.5,40.0,42.0
Uasin Gishu,0.5629,35.442,5.9,1.6,12.5,243.7,15.4,17.2,41.0,35.0
Uasin Gishu,0.2212,35.5223,5.5,2.2,15.4,199.3,21.2,15.4,40.0,37.0
Uasin Gishu,0.7594,35.1522,5.8,1.3,9.0,180.3,15.4,11.2,41.0,36.0
Uasin Gishu,0.7902,35.3705,6.1,1.6,12.5,243.7,15.4,15.4,40.0,37.0
Uasin Gishu,0.8817,35.4071,6.0,1.5,15.4,269.4,15.4,15.4,38.0,42.0
Uasin Gishu,0.84,35.3712,6.0,1.7,10.0,243.7,17.2,19.1,41.0,37.0
Uasin Gishu,0.6955,35.1612,5.6,1.4,13.9,243.7,15.4,12.5,43.0,38.0
Uasin Gishu,0.6698,35.2116,5.9,1.5,13.9,243.7,17.2,12.5,41.0,34.0
Uasin Gishu,0.577,34.9567,5.7,1.4,10.0,147.4,13.9,9.0,44.0,33.0
Uasin Gishu,0.7821,35.1856,5.9,1.5,10.0,199.3,17.2,13.9,43.0,33.0
Uasin Gishu,0.4641,35.4026,5.7,1.6,11.2,243.7,17.2,15.4,45.0,33.0
Uasin Gishu,0.8601,35.2739,5.8,1.6,11.2,220.4,15.4,13.9,38.0,39.0
Uasin Gishu,0.8708,35.2504,5.8,1.7,11.2,199.3,17.2,13.9,44.0,36.0
Uasin Gishu,0.8706,35.2548,6.0,1.6,12.5,220.4,15.4,15.4,43.0,37.0
Kakamega,0.8161,35.1318,5.9,1.4,8.0,180.3,15.4,12.5,41.0,30.0
Kakamega,0.3691,34.6078,5.4,1.0,11.2,98.5,11.2,9.0,43.0,38.0
Kakamega,0.6921,35.0174,5.7,1.4,10.0,163.0,13.9,9.0,39.0,32.0
Kakamega,0.2963,34.8797,5.2,2.2,10.0,133.3,19.1,13.9,40.0,38.0
Kakamega,0.8709,35.0305,5.8,1.5,11.2,133.3,15.4,11.2,43.0,37.0
Kakamega,0.3607,34.9372,5.7,2.2,12.5,108.9,23.5,12.5,44.0,33.0
Kakamega,0.4409,34.4879,5.7,1.1,11.2,108.9,10.0,8.0,40.0,36.0
Kakamega,0.4692,34.8945,5.6,1.2,10.0,120.5,13.9,9.0,43.0,36.0
Kakamega,0.7015,35.1517,5.6,1.4,11.2,243.7,17.2,15.4,42.0,37.0
Kakamega,0.2054,34.8425,5.4,1.6,7.2,108.9,13.9,10.0,41.0,34.0
Kakamega,0.6916,35.0571,5.9,1.3,11.2,180.3,17.2,10.0,38.0,35.0
Kakamega,0.6668,35.0853,5.7,1.4,12.5,147.4,17.2,10.0,42.0,35.0
Kakamega,0.3122,34.5131,5.5,1.1,10.0,89.0,11.2,8.0,41.0,39.0
Kakamega,0.2253,34.468,5.3,1.1,7.2,98.5,11.2,9.0,41.0,36.0
Kakamega,0.5383,34.7887,5.4,1.1,8.0,98.5,10.0,8.0,41.0,36.0
Nakuru,-0.6122,36.1316,6.3,1.8,15.4,364.0,19.1,17.2,36.0,41.0
Nakuru,-0.5823,36.1878,6.8,1.7,15.4,364.0,17.2,15.4,31.0,45.0
Nakuru,-0.5766,35.6117,5.5,3.3,17.2,243.7,29.0,15.4,33.0,37.0
Nakuru,-0.6487,36.3385,6.6,1.5,17.2,444.9,15.4,17.2,31.0,41.0
Nakuru,-0.294,35.5302,5.6,4.1,17.2,199.3,32.1,13.9,41.0,40.0
Nakuru,-0.2038,35.9904,6.7,1.5,13.9,364.0,19.1,13.9,32.0,41.0
Nakuru,-0.6322,35.639,5.6,3.2,15.4,199.3,32.1,17.2,35.0,34.0
Nakuru,-0.9877,36.4191,7.0,1.2,23.5,364.0,11.2,17.2,31.0,42.0
Nakuru,-0.3897,35.975,6.3,1.8,11.2,491.7,21.2,15.4,34.0,39.0
Nakuru,-0.8363,36.278,6.6,1.7,19.1,402.4,17.2,17.2,32.0,42.0
Nakuru,-0.3707,35.7609,5.6,4.0,13.9,163.0,29.0,13.9,36.0,37.0
Nakuru,-0.4012,35.7068,5.5,2.3,12.5,297.9,23.5,17.2,37.0,34.0
Nakuru,-0.4477,36.2536,,,,,,,,
Nakuru,-0.288,36.0055,6.3,1.6,11.2,444.9,19.1,17.2,35.0,41.0
Nakuru,-0.1218,35.9301,6.8,1.4,21.2,491.7,13.9,19.1,36.0,45.0
