Locations,Field,Soil fertility,Treatment,Season,N-AUE kg grain (kg N)−1  ,P-AUE kg grain (kg P)−1,K-AUE kg grain (kg N)−1,Unnamed: 8,Unnamed: 9,Unnamed: 10,Unnamed: 11
Kibugu,1,High,NTR,LR 2017,27.0,72.0,54.0,,,Abbreviations,
Kibugu,1,High,CTM,LR 2017,27.875,74.33333333333333,55.75,,,LR,Long rain
Kibugu,1,High,NTRM,LR 2017,43.625,116.33333333333333,87.25,,,SR,Short rain
Kibugu,2,High,NTR,LR 2017,17.25,46.0,34.5,,,N,Nitrogen
Kibugu,2,High,CTM,LR 2017,39.0,104.0,78.0,,,P,Phosphorus
Kibugu,2,High,NTRM,LR 2017,42.125,112.33333333333333,84.25,,,K,Potassium
Kibugu,3,High,NTR,LR 2017,15.375,41.0,30.75,,,AUE,Agronomic use efficieny
Kibugu,3,High,CTM,LR 2017,26.375,70.33333333333333,52.75,,,,
Kibugu,3,High,NTRM,LR 2017,28.25,75.33333333333333,56.5,,,,
Kibugu,4,High,NTR,LR 2017,12.75,34.0,25.5,,,,
Kibugu,4,High,CTM,LR 2017,29.0,77.33333333333333,58.0,,,,
Kibugu,4,High,NTRM,LR 2017,23.625,63.0,47.25,,,,
Kibugu,5,High,NTR,LR 2017,17.125,45.666666666666664,34.25,,,,
Kibugu,5,High,CTM,LR 2017,33.875,90.33333333333333,67.75,,,,
Kibugu,5,High,NTRM,LR 2017,35.999999999999986,95.99999999999997,71.99999999999997,,,,
Kibugu,6,High,NTR,LR 2017,23.125,61.666666666666664,46.25,,,,
Kibugu,6,High,CTM,LR 2017,21.25,56.666666666666664,42.5,,,,
Kibugu,6,High,NTRM,LR 2017,43.25,115.33333333333333,86.5,,,,
Kibugu,7,High,NTR,LR 2017,11.875,31.666666666666668,23.75,,,,
Kibugu,7,High,CTM,LR 2017,19.25,51.333333333333336,38.5,,,,
Kibugu,7,High,NTRM,LR 2017,24.375,65.0,48.75,,,,
Kibugu,8,High,NTR,LR 2017,12.125,32.333333333333336,24.25,,,,
Kibugu,8,High,CTM,LR 2017,25.375,67.66666666666667,50.75,,,,
Kibugu,8,High,NTRM,LR 2017,11.375,30.333333333333332,22.75,,,,
Kibugu,9,High,NTR,LR 2017,35.75,95.33333333333333,71.5,,,,
Kibugu,9,High,CTM,LR 2017,42.125,112.33333333333333,84.25,,,,
Kibugu,9,High,NTRM,LR 2017,42.0,112.0,84.0,,,,
Kibugu,10,High,NTR,LR 2017,36.0,96.0,72.0,,,,
Kibugu,10,High,CTM,LR 2017,39.25,104.66666666666667,78.5,,,,
Kibugu,10,High,NTRM,LR 2017,42.25,112.66666666666667,84.5,,,,
Kibugu,11,Low,NTR,LR 2017,30.375,81.0,60.75,,,,
Kibugu,11,Low,CTM,LR 2017,57.375,153.0,114.75,,,,
Kibugu,11,Low,NTRM,LR 2017,13.0,34.666666666666664,26.0,,,,
Kibugu,12,Low,NTR,LR 2017,32.625,87.0,65.25,,,,
Kibugu,12,Low,CTM,LR 2017,48.125,128.33333333333334,96.25,,,,
Kibugu,12,Low,NTRM,LR 2017,31.875,85.0,63.75,,,,
Kibugu,13,High,NTR,LR 2017,35.375,94.33333333333333,70.75,,,,
Kibugu,13,High,CTM,LR 2017,57.625,153.66666666666666,115.25,,,,
Kibugu,13,High,NTRM,LR 2017,4.75,12.666666666666666,9.5,,,,
Kibugu,14,High,NTR,LR 2017,36.875,128.33333333333334,96.25,,,,
Kibugu,14,High,CTM,LR 2017,36.875,128.33333333333334,96.25,,,,
Kibugu,14,High,NTRM,LR 2017,35.250000000000014,124.00000000000003,93.00000000000003,,,,
Kibugu,15,Low,NTR,LR 2017,2.625,7.0,5.25,,,,
Kibugu,15,Low,CTM,LR 2017,5.625,15.0,11.25,,,,
Kibugu,15,Low,NTRM,LR 2017,4.875,13.0,9.75,,,,
Kibugu,16,Low,NTR,LR 2017,1.125,3.0,2.25,,,,
Kibugu,16,Low,CTM,LR 2017,5.25,14.0,10.5,,,,
Kibugu,16,Low,NTRM,LR 2017,4.5,12.0,9.0,,,,
Kibugu,17,Low,NTR,LR 2017,2.125,5.666666666666667,4.25,,,,
Kibugu,17,Low,CTM,LR 2017,11.75,31.333333333333332,23.5,,,,
Kibugu,17,Low,NTRM,LR 2017,22.5,60.0,45.0,,,,
Kibugu,18,Low,NTR,LR 2017,7.0,18.666666666666668,14.0,,,,
Kibugu,18,Low,CTM,LR 2017,21.0,56.0,42.0,,,,
Kibugu,18,Low,NTRM,LR 2017,12.375,33.0,24.75,,,,
Kibugu,19,Low,NTR,LR 2017,7.875,21.0,15.75,,,,
Kibugu,19,Low,CTM,LR 2017,30.375,81.0,60.75,,,,
Kibugu,19,Low,NTRM,LR 2017,19.625,52.333333333333336,39.25,,,,
Kibugu,20,Low,NTR,LR 2017,2.0,5.333333333333333,4.0,,,,
Kibugu,20,Low,CTM,LR 2017,26.0,69.33333333333333,52.0,,,,
Kibugu,20,Low,NTRM,LR 2017,5.25,14.0,10.5,,,,
Kibugu,1,High,NTR,SR 2017,1.0,2.6666666666666665,2.0,,,,
Kibugu,1,High,CTM,SR 2017,6.75,18.0,13.5,,,,
Kibugu,1,High,NTRM,SR 2017,3.5,9.333333333333334,7.0,,,,
Kibugu,2,High,NTR,SR 2017,13.625,36.333333333333336,27.25,,,,
Kibugu,2,High,CTM,SR 2017,13.25,35.333333333333336,26.5,,,,
Kibugu,2,High,NTRM,SR 2017,8.875,23.666666666666668,17.75,,,,
Kibugu,3,High,NTR,SR 2017,3.375,12.666666666666666,9.5,,,,
Kibugu,3,High,CTM,SR 2017,3.875,14.0,10.5,,,,
Kibugu,3,High,NTRM,SR 2017,2.5,10.333333333333334,7.75,,,,
Kibugu,4,High,NTR,SR 2017,10.875,29.0,21.75,,,,
Kibugu,4,High,CTM,SR 2017,24.5,65.33333333333333,49.0,,,,
Kibugu,4,High,NTRM,SR 2017,34.625,92.33333333333333,69.25,,,,
Kibugu,5,High,NTR,SR 2017,8.0,21.333333333333332,16.0,,,,
Kibugu,5,High,CTM,SR 2017,8.125,21.666666666666668,16.25,,,,
Kibugu,5,High,NTRM,SR 2017,4.875,13.0,9.75,,,,
Kibugu,6,High,NTR,SR 2017,6.625,17.666666666666668,13.25,,,,
Kibugu,6,High,CTM,SR 2017,30.5,81.33333333333333,61.0,,,,
Kibugu,6,High,NTRM,SR 2017,27.5,73.33333333333333,55.0,,,,
Kibugu,7,High,NTR,SR 2017,12.875,34.333333333333336,25.75,,,,
Kibugu,7,High,CTM,SR 2017,7.625,20.333333333333332,15.25,,,,
Kibugu,7,High,NTRM,SR 2017,27.625,73.66666666666667,55.25,,,,
Kibugu,8,High,NTR,SR 2017,1.125,3.0,2.25,,,,
Kibugu,8,High,CTM,SR 2017,2.25,6.0,4.5,,,,
Kibugu,8,High,NTRM,SR 2017,11.5,30.666666666666668,23.0,,,,
Kibugu,9,High,NTR,SR 2017,17.125,39.666666666666664,29.75,,,,
Kibugu,9,High,CTM,SR 2017,15.125,34.333333333333336,25.75,,,,
Kibugu,9,High,NTRM,SR 2017,7.25,13.333333333333334,10.0,,,,
Kibugu,10,High,NTR,SR 2017,27.5,73.33333333333333,55.0,,,,
Kibugu,10,High,CTM,SR 2017,9.625,25.666666666666668,19.25,,,,
Kibugu,10,High,NTRM,SR 2017,10.0,26.666666666666668,20.0,,,,
Kibugu,11,Low,NTR,SR 2017,2.75,7.333333333333333,5.5,,,,
Kibugu,11,Low,CTM,SR 2017,0.125,0.3333333333333333,0.25,,,,
Kibugu,11,Low,NTRM,SR 2017,1.5,4.0,3.0,,,,
Kibugu,12,Low,NTR,SR 2017,0.75,2.0,1.5,,,,
Kibugu,12,Low,CTM,SR 2017,1.75,4.666666666666667,3.5,,,,
Kibugu,12,Low,NTRM,SR 2017,2.125,5.666666666666667,4.25,,,,
Kibugu,13,High,NTR,SR 2017,19.75,52.666666666666664,39.5,,,,
Kibugu,13,High,CTM,SR 2017,19.875,53.0,39.75,,,,
Kibugu,13,High,NTRM,SR 2017,24.375,65.0,48.75,,,,
Kibugu,14,High,NTR,SR 2017,5.125,13.666666666666666,10.25,,,,
Kibugu,14,High,CTM,SR 2017,15.875,42.333333333333336,31.75,,,,
Kibugu,14,High,NTRM,SR 2017,21.5,57.333333333333336,43.0,,,,
Kibugu,15,Low,NTR,SR 2017,0.0,0.0,0.0,,,,
Kibugu,15,Low,CTM,SR 2017,0.0,0.0,0.0,,,,
Kibugu,15,Low,NTRM,SR 2017,0.0,0.0,0.0,,,,
Kibugu,16,Low,NTR,SR 2017,0.0,0.0,0.0,,,,
Kibugu,16,Low,CTM,SR 2017,0.0,0.0,0.0,,,,
Kibugu,16,Low,NTRM,SR 2017,0.0,0.0,0.0,,,,
Kibugu,17,Low,NTR,SR 2017,0.0,0.0,0.0,,,,
Kibugu,17,Low,CTM,SR 2017,0.0,0.0,0.0,,,,
Kibugu,17,Low,NTRM,SR 2017,0.0,0.0,0.0,,,,
Kibugu,18,Low,NTR,SR 2017,0.0,0.0,0.0,,,,
Kibugu,18,Low,CTM,SR 2017,0.0,0.0,0.0,,,,
Kibugu,18,Low,NTRM,SR 2017,0.0,0.0,0.0,,,,
Kibugu,19,Low,NTR,SR 2017,1.625,4.333333333333333,3.25,,,,
Kibugu,19,Low,CTM,SR 2017,3.75,10.0,7.5,,,,
Kibugu,19,Low,NTRM,SR 2017,0.625,1.6666666666666667,1.25,,,,
Kibugu,20,Low,NTR,SR 2017,0.0,0.0,0.0,,,,
Kibugu,20,Low,CTM,SR 2017,0.0,0.0,0.0,,,,
Kibugu,20,Low,NTRM,SR 2017,0.0,0.0,0.0,,,,
Machang'a,21,High,NTR,SR 2017,15.5,41.333333333333336,31.0,,,,
Machang'a,21,High,CTM,SR 2017,27.75,74.0,55.5,,,,
Machang'a,21,High,NTRM,SR 2017,3.75,10.0,7.5,,,,
Machang'a,22,Low,NTR,SR 2017,3.75,10.0,7.5,,,,
Machang'a,22,Low,CTM,SR 2017,16.875,45.0,33.75,,,,
Machang'a,22,Low,NTRM,SR 2017,7.25,19.333333333333332,14.5,,,,
Machang'a,23,High,NTR,SR 2017,5.0,13.333333333333334,10.0,,,,
Machang'a,23,High,CTM,SR 2017,7.0,18.666666666666668,14.0,,,,
Machang'a,23,High,NTRM,SR 2017,10.75,28.666666666666668,21.5,,,,
Machang'a,24,High,NTR,SR 2017,30.5,81.33333333333333,61.0,,,,
Machang'a,24,High,CTM,SR 2017,13.5,36.0,27.0,,,,
Machang'a,24,High,NTRM,SR 2017,28.75,76.66666666666667,57.5,,,,
Machang'a,25,High,NTR,SR 2017,21.375,57.0,42.75,,,,
Machang'a,25,High,CTM,SR 2017,22.375,59.666666666666664,44.75,,,,
Machang'a,25,High,NTRM,SR 2017,43.5,116.0,87.0,,,,
Machang'a,26,High,NTR,SR 2017,15.25,40.666666666666664,30.5,,,,
Machang'a,26,High,CTM,SR 2017,19.25,51.333333333333336,38.5,,,,
Machang'a,27,High,NTRM,SR 2017,,,,,,,
Machang'a,27,High,NTR,SR 2017,40.5,108.0,81.0,,,,
Machang'a,27,High,CTM,SR 2017,30.75,82.0,61.5,,,,
Machang'a,27,High,NTRM,SR 2017,20.125,53.666666666666664,40.25,,,,
Machang'a,28,Low,NTR,SR 2017,0.0,0.0,0.0,,,,
Machang'a,28,Low,CTM,SR 2017,0.0,0.0,0.0,,,,
Machang'a,28,Low,NTRM,SR 2017,0.0,0.0,0.0,,,,
Machang'a,29,Low,NTR,SR 2017,12.0,18.0,13.5,,,,
Machang'a,29,Low,CTM,SR 2017,11.5,16.666666666666668,12.5,,,,
Machang'a,29,Low,NTRM,SR 2017,11.375,16.333333333333332,12.25,,,,
Machang'a,30,Low,NTR,SR 2017,0.0,0.0,0.0,,,,
Machang'a,30,Low,CTM,SR 2017,0.0,0.0,0.0,,,,
Machang'a,30,Low,NTRM,SR 2017,0.0,0.0,0.0,,,,
Machang'a,31,Low,NTR,SR 2017,1.875,5.0,3.75,,,,
Machang'a,31,Low,CTM,SR 2017,17.5,46.666666666666664,35.0,,,,
Machang'a,31,Low,NTRM,SR 2017,1.0,2.6666666666666665,2.0,,,,
Machang'a,32,Low,NTR,SR 2017,5.125,13.666666666666666,10.25,,,,
Machang'a,32,Low,CTM,SR 2017,10.375,27.666666666666668,20.75,,,,
Machang'a,32,Low,NTRM,SR 2017,13.125,35.0,26.25,,,,
Machang'a,33,High,NTR,SR 2017,22.375,59.666666666666664,44.75,,,,
Machang'a,33,High,CTM,SR 2017,8.75,23.333333333333332,17.5,,,,
Machang'a,33,High,NTRM,SR 2017,28.25,75.33333333333333,56.5,,,,
Machang'a,34,Low,NTR,SR 2017,19.375,51.666666666666664,38.75,,,,
Machang'a,34,Low,CTM,SR 2017,60.5,161.33333333333334,121.0,,,,
Machang'a,34,Low,NTRM,SR 2017,33.125,88.33333333333333,66.25,,,,
Machang'a,35,High,NTR,SR 2017,8.5,22.666666666666668,17.0,,,,
Machang'a,35,High,CTM,SR 2017,7.125,19.0,14.25,,,,
Machang'a,35,High,NTRM,SR 2017,16.625,44.333333333333336,33.25,,,,
Machang'a,36,Low,NTR,SR 2017,14.375,38.333333333333336,28.75,,,,
Machang'a,36,Low,CTM,SR 2017,8.5,22.666666666666668,17.0,,,,
Machang'a,36,Low,NTRM,SR 2017,4.875,13.0,9.75,,,,
Machang'a,37,High,NTR,SR 2017,5.375,14.333333333333334,10.75,,,,
Machang'a,37,High,CTM,SR 2017,14.375,38.333333333333336,28.75,,,,
Machang'a,37,High,NTRM,SR 2017,9.5,25.333333333333332,19.0,,,,
Machang'a,38,High,NTR,SR 2017,24.25,64.66666666666667,48.5,,,,
Machang'a,38,High,CTM,SR 2017,38.0,101.33333333333333,76.0,,,,
Machang'a,38,High,NTRM,SR 2017,20.375,54.333333333333336,40.75,,,,
Machang'a,39,High,NTR,SR 2017,28.875,77.0,57.75,,,,
Machang'a,39,High,CTM,SR 2017,10.5,28.0,21.0,,,,
Machang'a,39,High,NTRM,SR 2017,22.0,58.666666666666664,44.0,,,,
Machang'a,40,High,NTR,SR 2017,17.25,46.0,34.5,,,,
Machang'a,40,High,CTM,SR 2017,20.125,53.666666666666664,40.25,,,,
Machang'a,40,High,NTRM,SR 2017,10.625,28.333333333333332,21.25,,,,
Kibugu,1,High,NTR,LR 2018,25.375,67.66666666666667,50.75,,,,
Kibugu,1,High,CTM,LR 2018,31.25,83.33333333333333,62.5,,,,
Kibugu,1,High,NTRM,LR 2018,28.5,76.0,57.0,,,,
Kibugu,2,High,NTR,LR 2018,13.0,34.666666666666664,26.0,,,,
Kibugu,2,High,CTM,LR 2018,32.0,85.33333333333333,64.0,,,,
Kibugu,2,High,NTRM,LR 2018,23.625,63.0,47.25,,,,
Kibugu,3,High,NTR,LR 2018,30.625,81.66666666666667,61.25,,,,
Kibugu,3,High,CTM,LR 2018,41.75,111.33333333333333,83.5,,,,
Kibugu,3,High,NTRM,LR 2018,29.125,77.66666666666667,58.25,,,,
Kibugu,4,High,NTR,LR 2018,25.25,67.33333333333333,50.5,,,,
Kibugu,4,High,CTM,LR 2018,24.0,64.0,48.0,,,,
Kibugu,4,High,NTRM,LR 2018,37.5,100.0,75.0,,,,
Kibugu,5,High,NTR,LR 2018,28.75,76.66666666666667,57.5,,,,
Kibugu,5,High,CTM,LR 2018,12.0,32.0,24.0,,,,
Kibugu,5,High,NTRM,LR 2018,16.125,43.0,32.25,,,,
Kibugu,6,High,NTR,LR 2018,7.75,20.666666666666668,15.5,,,,
Kibugu,6,High,CTM,LR 2018,23.375,62.333333333333336,46.75,,,,
Kibugu,6,High,NTRM,LR 2018,51.625,137.66666666666666,103.25,,,,
Kibugu,7,High,NTR,LR 2018,46.125,123.0,92.25,,,,
Kibugu,7,High,CTM,LR 2018,28.25,75.33333333333333,56.5,,,,
Kibugu,7,High,NTRM,LR 2018,42.25,112.66666666666667,84.5,,,,
Kibugu,8,High,NTR,LR 2018,12.75,34.0,25.5,,,,
Kibugu,8,High,CTM,LR 2018,32.25,86.0,64.5,,,,
Kibugu,8,High,NTRM,LR 2018,38.5,102.66666666666667,77.0,,,,
Kibugu,9,High,NTR,LR 2018,18.75,50.0,37.5,,,,
Kibugu,9,High,CTM,LR 2018,13.5,36.0,27.0,,,,
Kibugu,9,High,NTRM,LR 2018,15.375,41.0,30.75,,,,
Kibugu,10,High,NTR,LR 2018,18.375,49.0,36.75,,,,
Kibugu,10,High,CTM,LR 2018,20.5,54.666666666666664,41.0,,,,
Kibugu,10,High,NTRM,LR 2018,31.25,83.33333333333333,62.5,,,,
Kibugu,11,Low,NTR,LR 2018,19.375,51.666666666666664,38.75,,,,
Kibugu,11,Low,CTM,LR 2018,25.75,68.66666666666667,51.5,,,,
Kibugu,11,Low,NTRM,LR 2018,25.25,67.33333333333333,50.5,,,,
Kibugu,12,Low,NTR,LR 2018,11.375,30.333333333333332,22.75,,,,
Kibugu,12,Low,CTM,LR 2018,26.625,71.0,53.25,,,,
Kibugu,12,Low,NTRM,LR 2018,5.0,13.333333333333334,10.0,,,,
Kibugu,13,High,NTR,LR 2018,6.0,16.0,12.0,,,,
Kibugu,13,High,CTM,LR 2018,30.875,82.33333333333333,61.75,,,,
Kibugu,13,High,NTRM,LR 2018,24.75,66.0,49.5,,,,
Kibugu,14,High,NTR,LR 2018,16.0,42.666666666666664,32.0,,,,
Kibugu,14,High,CTM,LR 2018,36.25,96.66666666666667,72.5,,,,
Kibugu,14,High,NTRM,LR 2018,22.625,60.333333333333336,45.25,,,,
Kibugu,15,Low,NTR,LR 2018,8.75,23.333333333333332,17.5,,,,
Kibugu,15,Low,CTM,LR 2018,1.375,3.6666666666666665,2.75,,,,
Kibugu,15,Low,NTRM,LR 2018,8.875,23.666666666666668,17.75,,,,
Kibugu,16,Low,NTR,LR 2018,12.625,33.666666666666664,25.25,,,,
Kibugu,16,Low,CTM,LR 2018,2.125,5.666666666666667,4.25,,,,
Kibugu,16,Low,NTRM,LR 2018,11.125,29.666666666666668,22.25,,,,
Kibugu,17,Low,NTR,LR 2018,6.0,16.0,12.0,,,,
Kibugu,17,Low,CTM,LR 2018,24.25,64.66666666666667,48.5,,,,
Kibugu,17,Low,NTRM,LR 2018,17.5,46.666666666666664,35.0,,,,
Kibugu,18,Low,NTR,LR 2018,4.5,12.0,9.0,,,,
Kibugu,18,Low,CTM,LR 2018,21.875,58.333333333333336,43.75,,,,
Kibugu,18,Low,NTRM,LR 2018,16.375,43.666666666666664,32.75,,,,
Kibugu,19,Low,NTR,LR 2018,7.75,20.666666666666668,15.5,,,,
Kibugu,19,Low,CTM,LR 2018,14.5,38.666666666666664,29.0,,,,
Kibugu,19,Low,NTRM,LR 2018,7.5,20.0,15.0,,,,
Kibugu,20,Low,NTR,LR 2018,4.25,11.333333333333334,8.5,,,,
Kibugu,20,Low,CTM,LR 2018,22.875,61.0,45.75,,,,
Kibugu,20,Low,NTRM,LR 2018,12.125,32.333333333333336,24.25,,,,
Machang'a,21,High,NTR,LR 2018,22.625,60.333333333333336,45.25,,,,
Machang'a,21,High,CTM,LR 2018,27.25,72.66666666666667,54.5,,,,
Machang'a,21,High,NTRM,LR 2018,8.375,22.333333333333332,16.75,,,,
Machang'a,22,Low,NTR,LR 2018,9.25,24.666666666666668,18.5,,,,
Machang'a,22,Low,CTM,LR 2018,18.75,50.0,37.5,,,,
Machang'a,22,Low,NTRM,LR 2018,4.625,12.333333333333334,9.25,,,,
Machang'a,23,High,NTR,LR 2018,14.25,38.0,28.5,,,,
Machang'a,23,High,CTM,LR 2018,9.125,24.333333333333332,18.25,,,,
Machang'a,23,High,NTRM,LR 2018,4.0,10.666666666666666,8.0,,,,
Machang'a,24,High,NTR,LR 2018,10.125,27.0,20.25,,,,
Machang'a,24,High,CTM,LR 2018,6.125,16.333333333333332,12.25,,,,
Machang'a,24,High,NTRM,LR 2018,5.625,15.0,11.25,,,,
Machang'a,25,High,NTR,LR 2018,14.875,39.666666666666664,29.75,,,,
Machang'a,25,High,CTM,LR 2018,13.0,34.666666666666664,26.0,,,,
Machang'a,25,High,NTRM,LR 2018,34.875,93.0,69.75,,,,
Machang'a,26,High,NTR,LR 2018,22.75,60.666666666666664,45.5,,,,
Machang'a,26,High,CTM,LR 2018,24.625,65.66666666666667,49.25,,,,
Machang'a,26,High,NTRM,LR 2018,17.124999999999996,45.66666666666666,34.24999999999999,,,,
Machang'a,27,High,NTR,LR 2018,27.0,72.0,54.0,,,,
Machang'a,27,High,CTM,LR 2018,38.75,103.33333333333333,77.5,,,,
Machang'a,27,High,NTRM,LR 2018,12.75,34.0,25.5,,,,
Machang'a,28,Low,NTR,LR 2018,0.0,0.0,0.0,,,,
Machang'a,28,Low,CTM,LR 2018,0.0,0.0,0.0,,,,
Machang'a,28,Low,NTRM,LR 2018,0.0,0.0,0.0,,,,
Machang'a,33,High,NTR,LR 2018,37.125,99.0,74.25,,,,
Machang'a,33,High,CTM,LR 2018,16.875,45.0,33.75,,,,
Machang'a,33,High,NTRM,LR 2018,11.125,29.666666666666668,22.25,,,,
Machang'a,34,Low,NTR,LR 2018,9.375,25.0,18.75,,,,
Machang'a,34,Low,CTM,LR 2018,16.25,43.333333333333336,32.5,,,,
Machang'a,34,Low,NTRM,LR 2018,10.625,28.333333333333332,21.25,,,,
Machang'a,35,High,NTR,LR 2018,20.25,54.0,40.5,,,,
Machang'a,35,High,CTM,LR 2018,27.375,73.0,54.75,,,,
Machang'a,35,High,NTRM,LR 2018,16.25,43.333333333333336,32.5,,,,
Machang'a,36,Low,NTR,LR 2018,1.375,3.6666666666666665,2.75,,,,
Machang'a,36,Low,CTM,LR 2018,6.25,16.666666666666668,12.5,,,,
Machang'a,36,Low,NTRM,LR 2018,7.375,19.666666666666668,14.75,,,,
Machang'a,39,High,NTR,LR 2018,6.125,16.333333333333332,12.25,,,,
Machang'a,39,High,CTM,LR 2018,18.75,50.0,37.5,,,,
Machang'a,39,High,NTRM,LR 2018,19.375,51.666666666666664,38.75,,,,
Machang'a,40,High,NTR,LR 2018,18.75,50.0,37.5,,,,
Machang'a,40,High,CTM,LR 2018,18.25,48.666666666666664,36.5,,,,
Machang'a,40,High,NTRM,LR 2018,13.875,37.0,27.75,,,,
Kibugu,1,High,NTR,SR 2018,46.0,122.66666666666667,92.0,,,,
Kibugu,1,High,CTM,SR 2018,34.625,92.33333333333333,69.25,,,,
Kibugu,1,High,NTRM,SR 2018,26.875,71.66666666666667,53.75,,,,
Kibugu,2,High,NTR,SR 2018,1.875,5.0,3.75,,,,
Kibugu,2,High,CTM,SR 2018,0.375,1.0,0.75,,,,
Kibugu,2,High,NTRM,SR 2018,17.375,46.333333333333336,34.75,,,,
Kibugu,3,High,NTR,SR 2018,18.875,50.333333333333336,37.75,,,,
Kibugu,3,High,CTM,SR 2018,22.375,59.666666666666664,44.75,,,,
Kibugu,3,High,NTRM,SR 2018,14.625,39.0,29.25,,,,
Kibugu,4,High,NTR,SR 2018,12.25,32.666666666666664,24.5,,,,
Kibugu,4,High,CTM,SR 2018,33.5,89.33333333333333,67.0,,,,
Kibugu,4,High,NTRM,SR 2018,37.875,101.0,75.75,,,,
Kibugu,5,High,NTR,SR 2018,14.624999999999995,38.999999999999986,29.24999999999999,,,,
Kibugu,5,High,CTM,SR 2018,16.125,43.0,32.25,,,,
Kibugu,5,High,NTRM,SR 2018,54.875,146.33333333333334,109.75,,,,
Kibugu,6,High,NTR,SR 2018,30.75,82.0,61.5,,,,
Kibugu,6,High,CTM,SR 2018,19.5,52.0,39.0,,,,
Kibugu,6,High,NTRM,SR 2018,38.25,102.0,76.5,,,,
Kibugu,7,High,NTR,SR 2018,28.625,76.33333333333333,57.25,,,,
Kibugu,7,High,CTM,SR 2018,27.625,73.66666666666667,55.25,,,,
Kibugu,7,High,NTRM,SR 2018,62.0,165.33333333333334,124.0,,,,
Kibugu,8,High,NTR,SR 2018,21.375,57.0,42.75,,,,
Kibugu,8,High,CTM,SR 2018,23.125,61.666666666666664,46.25,,,,
Kibugu,8,High,NTRM,SR 2018,21.25,56.666666666666664,42.5,,,,
Kibugu,9,High,NTR,SR 2018,56.5,150.66666666666666,113.0,,,,
Kibugu,9,High,CTM,SR 2018,47.25,126.0,94.5,,,,
Kibugu,9,High,NTRM,SR 2018,78.25,208.66666666666666,156.5,,,,
Kibugu,10,High,NTR,SR 2018,60.125,160.33333333333334,120.25,,,,
Kibugu,10,High,CTM,SR 2018,19.875,53.0,39.75,,,,
Kibugu,10,High,NTRM,SR 2018,47.625,127.0,95.25,,,,
Kibugu,11,Low,NTR,SR 2018,22.75,60.666666666666664,45.5,,,,
Kibugu,11,Low,CTM,SR 2018,39.125,104.33333333333333,78.25,,,,
Kibugu,11,Low,NTRM,SR 2018,1.5,4.0,3.0,,,,
Kibugu,12,Low,NTR,SR 2018,10.0,26.666666666666668,20.0,,,,
Kibugu,12,Low,CTM,SR 2018,30.75,82.0,61.5,,,,
Kibugu,12,Low,NTRM,SR 2018,16.5,44.0,33.0,,,,
Kibugu,13,High,NTR,SR 2018,23.875000000000007,63.66666666666668,47.750000000000014,,,,
Kibugu,13,High,CTM,SR 2018,32.625,87.0,65.25,,,,
Kibugu,13,High,NTRM,SR 2018,12.625,33.666666666666664,25.25,,,,
Kibugu,14,High,NTR,SR 2018,47.125,125.66666666666667,94.25,,,,
Kibugu,14,High,CTM,SR 2018,27.25,72.66666666666667,54.5,,,,
Kibugu,14,High,NTRM,SR 2018,31.75,84.66666666666667,63.5,,,,
Kibugu,15,Low,NTR,SR 2018,0.0,0.0,0.0,,,,
Kibugu,15,Low,CTM,SR 2018,0.0,0.0,0.0,,,,
Kibugu,15,Low,NTRM,SR 2018,0.0,0.0,0.0,,,,
Kibugu,16,Low,NTR,SR 2018,0.0,0.0,0.0,,,,
Kibugu,16,Low,CTM,SR 2018,0.0,0.0,0.0,,,,
Kibugu,16,Low,NTRM,SR 2018,0.0,0.0,0.0,,,,
Kibugu,17,Low,NTR,SR 2018,12.125,32.333333333333336,24.25,,,,
Kibugu,17,Low,CTM,SR 2018,19.125,51.0,38.25,,,,
Kibugu,17,Low,NTRM,SR 2018,10.875,29.0,21.75,,,,
Kibugu,18,Low,NTR,SR 2018,1.75,4.666666666666667,3.5,,,,
Kibugu,18,Low,CTM,SR 2018,4.75,12.666666666666666,9.5,,,,
Kibugu,18,Low,NTRM,SR 2018,12.75,34.0,25.5,,,,
Kibugu,19,Low,NTR,SR 2018,1.75,4.666666666666667,3.5,,,,
Kibugu,19,Low,CTM,SR 2018,5.625,15.0,11.25,,,,
Kibugu,19,Low,NTRM,SR 2018,11.625,31.0,23.25,,,,
Kibugu,20,Low,NTR,SR 2018,0.0,0.0,0.0,,,,
Kibugu,20,Low,CTM,SR 2018,9.25,24.666666666666668,18.5,,,,
Kibugu,20,Low,NTRM,SR 2018,21.625,57.666666666666664,43.25,,,,
Machang'a,21,High,NTR,SR 2018,18.125,48.333333333333336,36.25,,,,
Machang'a,21,High,CTM,SR 2018,31.0,82.66666666666667,62.0,,,,
Machang'a,21,High,NTRM,SR 2018,16.375,43.666666666666664,32.75,,,,
Machang'a,22,Low,NTR,SR 2018,13.125,35.0,26.25,,,,
Machang'a,22,Low,CTM,SR 2018,15.625,41.666666666666664,31.25,,,,
Machang'a,22,Low,NTRM,SR 2018,5.625,15.0,11.25,,,,
Machang'a,23,High,NTR,SR 2018,3.625,9.666666666666666,7.25,,,,
Machang'a,23,High,CTM,SR 2018,6.5,17.333333333333332,13.0,,,,
Machang'a,23,High,NTRM,SR 2018,3.5,9.333333333333334,7.0,,,,
Machang'a,24,High,NTR,SR 2018,2.75,7.333333333333333,5.5,,,,
Machang'a,24,High,CTM,SR 2018,2.25,6.0,4.5,,,,
Machang'a,24,High,NTRM,SR 2018,10.375,27.666666666666668,20.75,,,,
Machang'a,25,High,NTR,SR 2018,21.125,56.333333333333336,42.25,,,,
Machang'a,25,High,CTM,SR 2018,4.625,12.333333333333334,9.25,,,,
Machang'a,25,High,NTRM,SR 2018,5.0,13.333333333333334,10.0,,,,
Machang'a,26,High,NTR,SR 2018,29.0,77.33333333333333,58.0,,,,
Machang'a,26,High,CTM,SR 2018,13.875,37.0,27.75,,,,
Machang'a,26,High,NTRM,SR 2018,13.375,35.666666666666664,26.75,,,,
Machang'a,27,High,NTR,SR 2018,6.5,17.333333333333332,13.0,,,,
Machang'a,27,High,CTM,SR 2018,9.125,24.333333333333332,18.25,,,,
Machang'a,27,High,NTRM,SR 2018,7.25,19.333333333333332,14.5,,,,
Machang'a,28,Low,NTR,SR 2018,4.125,11.0,8.25,,,,
Machang'a,28,Low,CTM,SR 2018,6.625,17.666666666666668,13.25,,,,
Machang'a,28,Low,NTRM,SR 2018,4.75,12.666666666666666,9.5,,,,
Machang'a,33,High,NTR,SR 2018,2.75,7.333333333333333,5.5,,,,
Machang'a,33,High,CTM,SR 2018,3.875,10.333333333333334,7.75,,,,
Machang'a,33,High,NTRM,SR 2018,12.0,32.0,24.0,,,,
Machang'a,34,Low,NTR,SR 2018,0.125,0.3333333333333333,0.25,,,,
Machang'a,34,Low,CTM,SR 2018,23.25,62.0,46.5,,,,
Machang'a,34,Low,NTRM,SR 2018,11.625,31.0,23.25,,,,
Machang'a,35,High,NTR,SR 2018,10.125,27.0,20.25,,,,
Machang'a,35,High,CTM,SR 2018,6.75,18.0,13.5,,,,
Machang'a,35,High,NTRM,SR 2018,14.625,39.0,29.25,,,,
Machang'a,36,Low,NTR,SR 2018,0.0,0.0,0.0,,,,
Machang'a,36,Low,CTM,SR 2018,0.0,0.0,0.0,,,,
Machang'a,36,Low,NTRM,SR 2018,0.0,0.0,0.0,,,,
Machang'a,39,High,NTR,SR 2018,15.625,41.666666666666664,31.25,,,,
Machang'a,39,High,CTM,SR 2018,7.5,20.0,15.0,,,,
Machang'a,39,High,NTRM,SR 2018,15.625,41.666666666666664,31.25,,,,
Machang'a,40,High,NTR,SR 2018,22.375,59.666666666666664,44.75,,,,
Machang'a,40,High,CTM,SR 2018,25.625,68.33333333333333,51.25,,,,
Machang'a,40,High,NTRM,SR 2018,15.625,41.666666666666664,31.25,,,,
