Locations,Field,Soil fertility,Treatment,Period,Total Nitrogen (g kg-1),Soil organic carbon (g kg-1),pH (H20),Resin_Phosphorus (mg kg-1),Exchangeable_Potassium (mg kg-1),Sand (g kg-1),Silt (g kg-1),Clay (g kg-1)
Embu,1,High,C,Baseline,2.363032326355301,19.65814738021342,5.56,72.51160517527845,0.19562451299775485,,,
Embu,1,High,NTR,Baseline,2.5835414313493428,21.424041749455025,5.55,82.240916669141,0.4184127639364936,,,
Embu,1,High,CTM,Baseline,2.2,20.4,5.62,91.27250522011683,0.4011539128424903,,,
Embu,1,High,NTRM,Baseline,2.7364298486228398,20.331625835265275,5.66,80.30309964337049,0.4578239296127679,,,
Embu,2,High,C,Baseline,2.4,23.2,5.84,23.79505614036956,0.3732340183174564,,,
Embu,2,High,NTR,Baseline,2.5,24.2,6.05,6.0076271401299985,0.6662208857644064,,,
Embu,2,High,CTM,Baseline,2.2274803870162247,17.91548604631685,5.24,8.938179164086005,0.21740242467645401,,,
Embu,2,High,NTRM,Baseline,2.3717203820633355,19.69161947241032,5.73,25.749774476669636,0.4211741231843949,,,
Embu,3,High,C,Baseline,2.2273085769861267,18.45510806349958,5.74,2.7876625798687025,0.5192081436390608,,,
Embu,3,High,NTR,Baseline,2.27675403791595,19.184643779014408,5.7,8.452940079763522,0.5391304178965952,,,
Embu,3,High,CTM,Baseline,2.3000000000000003,22.0,5.75,7.6798744022626515,0.39800238520788417,,,
Embu,3,High,NTRM,Baseline,2.547468614872825,22.909269974847053,6.03,5.894399504339586,1.168857742083994,,,
Embu,4,High,C,Baseline,2.7351642684036515,22.5849226597469,5.58,2.498436764441809,0.15891110934770675,,,
Embu,4,High,NTR,Baseline,2.5206298890617966,20.521212987037515,5.54,2.86426122367716,0.06960357768530795,,,
Embu,4,High,CTM,Baseline,2.0102409191799815,19.070769515843637,5.5,3.80720898245913,0.3549844295912262,,,
Embu,4,High,NTRM,Baseline,0.15345833751888827,2.383325889342292,5.36,2.944751766231116,0.0852558528142957,,,
Embu,5,High,C,Baseline,2.076126407524198,17.27640820529,5.47,8.173671707623551,0.31954967321700034,,,
Embu,5,High,NTR,Baseline,2.076126407524198,17.27640820529,5.47,8.173671707623551,0.31954967321700034,,,
Embu,5,High,CTM,Baseline,2.076126407524198,17.27640820529,5.47,8.173671707623551,0.31954967321700034,,,
Embu,5,High,NTRM,Baseline,2.076126407524198,17.27640820529,5.47,8.173671707623551,0.31954967321700034,,,
Embu,6,High,C,Baseline,2.076126407524198,17.27640820529,5.47,19.9290687837574,0.004569101093939799,,,
Embu,6,High,NTR,Baseline,2.076126407524198,17.27640820529,5.47,19.9290687837574,0.004569101093939799,,,
Embu,6,High,CTM,Baseline,2.076126407524198,17.27640820529,5.47,19.9290687837574,0.004569101093939799,,,
Embu,6,High,NTRM,Baseline,2.076126407524198,17.27640820529,5.47,19.9290687837574,0.004569101093939799,,,
Embu,7,High,C,Baseline,1.390509831502136,13.44006545737729,5.97,4.576586651334248,0.13086381896484758,,,
Embu,7,High,NTR,Baseline,1.390509831502136,13.44006545737729,5.97,4.576586651334248,0.13086381896484758,,,
Embu,7,High,CTM,Baseline,1.390509831502136,13.44006545737729,5.97,4.576586651334248,0.13086381896484758,,,
Embu,7,High,NTRM,Baseline,1.390509831502136,13.44006545737729,5.97,4.576586651334248,0.13086381896484758,,,
Embu,8,High,C,Baseline,1.390509831502136,13.44006545737729,5.97,0.02485966834525659,0.20885766641463144,,,
Embu,8,High,NTR,Baseline,1.390509831502136,13.44006545737729,5.97,0.02485966834525659,0.20885766641463144,,,
Embu,8,High,CTM,Baseline,1.390509831502136,13.44006545737729,5.97,0.02485966834525659,0.20885766641463144,,,
Embu,8,High,NTRM,Baseline,1.390509831502136,13.44006545737729,5.97,0.02485966834525659,0.20885766641463144,,,
Embu,9,High,C,Baseline,2.4236443384635074,20.87381904567177,5.68,22.321808514519514,0.23750756799988515,,,
Embu,9,High,NTR,Baseline,2.4236443384635074,20.87381904567177,5.68,22.321808514519514,0.23750756799988515,,,
Embu,9,High,CTM,Baseline,2.4236443384635074,20.87381904567177,5.68,22.321808514519514,0.23750756799988515,,,
Embu,9,High,NTRM,Baseline,2.4236443384635074,20.87381904567177,5.68,22.321808514519514,0.23750756799988515,,,
Embu,10,High,C,Baseline,2.6,24.2,5.68,20.027629954794783,0.6120061218972374,,,
Embu,10,High,NTR,Baseline,2.6,24.2,5.68,20.027629954794783,0.6120061218972374,,,
Embu,10,High,CTM,Baseline,2.6,24.2,5.68,20.027629954794783,0.6120061218972374,,,
Embu,10,High,NTRM,Baseline,2.6,24.2,5.68,20.027629954794783,0.6120061218972374,,,
Embu,11,Low,C,Baseline,2.4,22.400000000000002,5.37,9.854521938666482,0.3628271058830167,,,
Embu,11,Low,NTR,Baseline,2.4,22.400000000000002,5.37,9.854521938666482,0.3628271058830167,,,
Embu,11,Low,CTM,Baseline,2.4,22.400000000000002,5.37,9.854521938666482,0.3628271058830167,,,
Embu,11,Low,NTRM,Baseline,2.4,22.400000000000002,5.37,9.854521938666482,0.3628271058830167,,,
Embu,12,Low,C,Baseline,2.405646072419531,19.636147672820602,5.37,5.259936157969609,0.08117174010462884,,,
Embu,12,Low,NTR,Baseline,2.405646072419531,19.636147672820602,5.37,5.259936157969609,0.08117174010462884,,,
Embu,12,Low,CTM,Baseline,2.405646072419531,19.636147672820602,5.37,5.259936157969609,0.08117174010462884,,,
Embu,12,Low,NTRM,Baseline,2.405646072419531,19.636147672820602,5.37,5.259936157969609,0.08117174010462884,,,
Embu,13,High,C,Baseline,2.5,23.599999999999998,5.67,4.139257120372756,0.35955359661462694,,,
Embu,13,High,NTR,Baseline,2.5,23.599999999999998,5.67,4.139257120372756,0.35955359661462694,,,
Embu,13,High,CTM,Baseline,2.5,23.599999999999998,5.67,4.139257120372756,0.35955359661462694,,,
Embu,13,High,NTRM,Baseline,2.5,23.599999999999998,5.67,4.139257120372756,0.35955359661462694,,,
Embu,14,High,C,Baseline,2.5760926984932535,21.515169329605538,5.67,12.256055344328361,0.719465850183483,,,
Embu,14,High,NTR,Baseline,2.5760926984932535,21.515169329605538,5.67,12.256055344328361,0.719465850183483,,,
Embu,14,High,CTM,Baseline,2.5760926984932535,21.515169329605538,5.67,12.256055344328361,0.719465850183483,,,
Embu,14,High,NTRM,Baseline,2.5760926984932535,21.515169329605538,5.67,12.256055344328361,0.719465850183483,,,
Embu,15,Low,C,Baseline,0.6866475855002357,6.991325574411484,4.71,0.7239763957516471,0.21273527327301542,,,
Embu,15,Low,NTR,Baseline,0.6866475855002357,6.991325574411484,4.71,0.7239763957516471,0.21273527327301542,,,
Embu,15,Low,CTM,Baseline,0.6866475855002357,6.991325574411484,4.71,0.7239763957516471,0.21273527327301542,,,
Embu,15,Low,NTRM,Baseline,0.6866475855002357,6.991325574411484,4.71,0.7239763957516471,0.21273527327301542,,,
Embu,16,Low,C,Baseline,0.6866475855002357,6.991325574411484,4.71,0.5274525414569676,0.2513027880960038,,,
Embu,16,Low,NTR,Baseline,0.6866475855002357,6.991325574411484,4.71,0.5274525414569676,0.2513027880960038,,,
Embu,16,Low,CTM,Baseline,0.6866475855002357,6.991325574411484,4.71,0.5274525414569676,0.2513027880960038,,,
Embu,16,Low,NTRM,Baseline,0.6866475855002357,6.991325574411484,4.71,0.5274525414569676,0.2513027880960038,,,
Embu,17,Low,C,Baseline,2.961751711320285,26.27521051176267,5.02,0.4716743171376353,0.6208942727434722,,,
Embu,17,Low,NTR,Baseline,2.961751711320285,26.27521051176267,5.02,0.4716743171376353,0.6208942727434722,,,
Embu,17,Low,CTM,Baseline,2.961751711320285,26.27521051176267,5.02,0.4716743171376353,0.6208942727434722,,,
Embu,17,Low,NTRM,Baseline,2.961751711320285,26.27521051176267,5.02,0.4716743171376353,0.6208942727434722,,,
Embu,18,Low,C,Baseline,2.961751711320285,26.27521051176267,5.02,0.6234573163896582,0.8031101335106655,,,
Embu,18,Low,NTR,Baseline,2.961751711320285,26.27521051176267,5.02,0.6234573163896582,0.8031101335106655,,,
Embu,18,Low,CTM,Baseline,2.961751711320285,26.27521051176267,5.02,0.6234573163896582,0.8031101335106655,,,
Embu,18,Low,NTRM,Baseline,2.961751711320285,26.27521051176267,5.02,0.6234573163896582,0.8031101335106655,,,
Embu,19,Low,C,Baseline,0.5743790671615054,4.769549356872778,4.99,14.039422603906916,1.08848131764905,,,
Embu,19,Low,NTR,Baseline,0.5743790671615054,4.769549356872778,4.99,14.039422603906916,1.08848131764905,,,
Embu,19,Low,CTM,Baseline,0.5743790671615054,4.769549356872778,4.99,14.039422603906916,1.08848131764905,,,
Embu,19,Low,NTRM,Baseline,0.5743790671615054,4.769549356872778,4.99,14.039422603906916,1.08848131764905,,,
Embu,20,Low,C,Baseline,0.5743790671615054,4.769549356872778,4.99,1.3376327387464284,0.1799703759558146,,,
Embu,20,Low,NTR,Baseline,0.5743790671615054,4.769549356872778,4.99,1.3376327387464284,0.1799703759558146,,,
Embu,20,Low,CTM,Baseline,0.5743790671615054,4.769549356872778,4.99,1.3376327387464284,0.1799703759558146,,,
Embu,20,Low,NTRM,Baseline,0.5743790671615054,4.769549356872778,4.99,1.3376327387464284,0.1799703759558146,,,
Mbeere,21,High,C,Baseline,0.47536757769405497,4.940378957767919,6.79,1.0825183968257333,0.38326806959473597,,,
Mbeere,21,High,NTR,Baseline,0.45231341897196103,3.3875419741623567,6.81,17.8568029281399,0.37504070913819854,,,
Mbeere,21,High,CTM,Baseline,0.4563587527013615,4.777216555026167,6.81,2.9176925891940857,0.4315997741073182,,,
Mbeere,21,High,NTRM,Baseline,0.5416050075706704,4.751014404405099,6.77,21.05430514869335,0.33660336704348054,,,
Mbeere,22,Low,C,Baseline,0.5243827386076356,4.329874165794083,6.82,4.973623019376491,0.36775365367724155,,,
Mbeere,22,Low,NTR,Baseline,0.6,5.4,6.98,2.8266822436378236,0.3219451784595782,,,
Mbeere,22,Low,CTM,Baseline,0.9155921901158621,5.974862903749337,6.58,8.965604543443243,0.40391078694628846,,,
Mbeere,22,Low,NTRM,Baseline,0.6202022149592676,5.115590014120945,6.82,2.9608549097549886,0.3826946011614271,,,
Mbeere,23,High,C,Baseline,0.6408793470837648,5.579620484354873,6.35,16.60637650796296,0.8393372603228311,,,
Mbeere,23,High,NTR,Baseline,0.6220744546047942,5.540317565385307,5.78,25.56860585147674,0.3324978259757532,,,
Mbeere,23,High,CTM,Baseline,0.5178536984220297,4.616277805252603,5.99,3.8449866968555706,0.327055419387508,,,
Mbeere,23,High,NTRM,Baseline,0.674288486306553,5.6448505847034145,6.75,0.6228357238508849,0.6733420207255186,,,
Mbeere,24,High,C,Baseline,2.751119988633204,24.75113572073274,5.68,0.018015305117818743,0.48012282563417646,,,
Mbeere,24,High,NTR,Baseline,0.7000000000000001,5.8999999999999995,5.95,0.03891439152718573,0.4448131451180645,,,
Mbeere,24,High,CTM,Baseline,0.5401264250829174,4.607978083116436,5.77,0.1486984408038521,0.40667041792419045,,,
Mbeere,24,High,NTRM,Baseline,0.6516895001144227,5.522405482928745,5.72,0.37423611054335937,0.4137228603868967,,,
Mbeere,25,High,C,Baseline,0.4183608905949988,4.134008174810092,7.03,3.181420265996761,0.46061191115277317,,,
Mbeere,25,High,NTR,Baseline,0.4183608905949988,4.134008174810092,7.03,3.181420265996761,0.46061191115277317,,,
Mbeere,25,High,CTM,Baseline,0.4183608905949988,4.134008174810092,7.03,3.181420265996761,0.46061191115277317,,,
Mbeere,25,High,NTRM,Baseline,0.4183608905949988,4.134008174810092,7.03,3.181420265996761,0.46061191115277317,,,
Mbeere,26,High,C,Baseline,0.4183608905949988,4.134008174810092,7.03,0.3597376205840803,0.15765093262663474,,,
Mbeere,26,High,NTR,Baseline,0.4183608905949988,4.134008174810092,7.03,0.3597376205840803,0.15765093262663474,,,
Mbeere,26,High,CTM,Baseline,0.4183608905949988,4.134008174810092,7.03,0.3597376205840803,0.15765093262663474,,,
Mbeere,26,High,NTRM,Baseline,0.4183608905949988,4.134008174810092,7.03,0.3597376205840803,0.15765093262663474,,,
Mbeere,27,High,C,Baseline,0.5,4.0,6.66,2.1810282287263543,0.6090313047464445,,,
Mbeere,27,High,NTR,Baseline,0.5,4.0,6.66,2.1810282287263543,0.6090313047464445,,,
Mbeere,27,High,CTM,Baseline,0.5,4.0,6.66,2.1810282287263543,0.6090313047464445,,,
Mbeere,27,High,NTRM,Baseline,0.5,4.0,6.66,2.1810282287263543,0.6090313047464445,,,
Mbeere,28,Low,C,Baseline,0.5172191734544815,3.9916457740918325,6.03,0.7338774827758965,0.30646137806436796,,,
Mbeere,28,Low,NTR,Baseline,0.5172191734544815,3.9916457740918325,6.03,0.7338774827758965,0.30646137806436796,,,
Mbeere,28,Low,CTM,Baseline,0.5172191734544815,3.9916457740918325,6.03,0.7338774827758965,0.30646137806436796,,,
Mbeere,28,Low,NTRM,Baseline,0.5172191734544815,3.9916457740918325,6.03,0.7338774827758965,0.30646137806436796,,,
Mbeere,33,High,C,Baseline,0.44703473606377964,5.1411851233109696,7.69,3.20017227757631,0.5587341176956836,,,
Mbeere,33,High,NTR,Baseline,0.44703473606377964,5.1411851233109696,7.69,3.20017227757631,0.5587341176956836,,,
Mbeere,33,High,CTM,Baseline,0.44703473606377964,5.1411851233109696,7.69,3.20017227757631,0.5587341176956836,,,
Mbeere,33,High,NTRM,Baseline,0.44703473606377964,5.1411851233109696,7.69,3.20017227757631,0.5587341176956836,,,
Mbeere,34,Low,C,Baseline,0.4495255909153745,4.5101487930976045,7.29,0.015332036267864486,0.5771689286878929,,,
Mbeere,34,Low,NTR,Baseline,0.4495255909153745,4.5101487930976045,7.29,0.015332036267864486,0.5771689286878929,,,
Mbeere,34,Low,CTM,Baseline,0.4495255909153745,4.5101487930976045,7.29,0.015332036267864486,0.5771689286878929,,,
Mbeere,34,Low,NTRM,Baseline,0.4495255909153745,4.5101487930976045,7.29,0.015332036267864486,0.5771689286878929,,,
Mbeere,35,High,C,Baseline,0.5601186915698896,4.721301323812018,7.67,28.75789174061091,1.4710146147089662,,,
Mbeere,35,High,NTR,Baseline,0.5601186915698896,4.721301323812018,7.67,28.75789174061091,1.4710146147089662,,,
Mbeere,35,High,CTM,Baseline,0.5601186915698896,4.721301323812018,7.67,28.75789174061091,1.4710146147089662,,,
Mbeere,35,High,NTRM,Baseline,0.5601186915698896,4.721301323812018,7.67,28.75789174061091,1.4710146147089662,,,
Mbeere,36,Low,C,Baseline,0.46619135445048654,4.77262604138761,6.99,0.4997763779013025,0.3377820681787003,,,
Mbeere,36,Low,NTR,Baseline,0.46619135445048654,4.77262604138761,6.99,0.4997763779013025,0.3377820681787003,,,
Mbeere,36,Low,CTM,Baseline,0.46619135445048654,4.77262604138761,6.99,0.4997763779013025,0.3377820681787003,,,
Mbeere,36,Low,NTRM,Baseline,0.46619135445048654,4.77262604138761,6.99,0.4997763779013025,0.3377820681787003,,,
Mbeere,39,High,C,Baseline,1.0947038939094478,10.043549229457225,7.39,13.35420780987553,1.3088155359720806,,,
Mbeere,39,High,NTR,Baseline,1.0947038939094478,10.043549229457225,7.39,13.35420780987553,1.3088155359720806,,,
Mbeere,39,High,CTM,Baseline,1.0947038939094478,10.043549229457225,7.39,13.35420780987553,1.3088155359720806,,,
Mbeere,39,High,NTRM,Baseline,1.0947038939094478,10.043549229457225,7.39,13.35420780987553,1.3088155359720806,,,
Mbeere,40,High,C,Baseline,1.0947038939094478,10.043549229457225,7.39,1.9013821958662978,1.0103137470661676,,,
Mbeere,40,High,NTR,Baseline,1.0947038939094478,10.043549229457225,7.39,1.9013821958662978,1.0103137470661676,,,
Mbeere,40,High,CTM,Baseline,1.0947038939094478,10.043549229457225,7.39,1.9013821958662978,1.0103137470661676,,,
Mbeere,40,High,NTRM,Baseline,1.0947038939094478,10.043549229457225,7.39,1.9013821958662978,1.0103137470661676,,,
Embu,1,High,C,Trial end,2.322558931466049,17.9168243307069,6.0,6.151817832434067,0.004571382222793488,120.0,120.0,700.0
Embu,1,High,NTR,Trial end,2.563416486038686,25.323987596581947,5.63,41.741966353719356,0.7614258982615421,120.0,120.0,700.0
Embu,1,High,CTM,Trial end,2.3513249959528055,22.184030469136037,5.87,14.405517566847353,0.49338469544704855,120.0,120.0,700.0
Embu,1,High,NTRM,Trial end,2.329339449944415,22.118888377978898,5.73,11.677715288495488,0.6061691135096424,120.0,120.0,700.0
Embu,2,High,C,Trial end,2.2512908542457053,21.307851313440352,5.806,5.608437476630482,0.10169379446580326,110.0,160.0,710.0
Embu,2,High,NTR,Trial end,2.040507525742078,23.841386220625502,5.285,83.47804987711005,0.41413637648923246,110.0,160.0,710.0
Embu,2,High,CTM,Trial end,1.9694819823065792,18.9497803402571,5.65,48.02606949514308,0.7132348706203449,110.0,160.0,710.0
Embu,2,High,NTRM,Trial end,2.253378323151473,21.447324363273644,5.711,14.165896362519039,0.8504303241286211,110.0,160.0,710.0
Embu,3,High,C,Trial end,1.8695531568231725,17.581095566593095,5.91,0.2741163806128934,0.2175875784257012,120.0,160.0,710.0
Embu,3,High,NTR,Trial end,2.229401475288148,21.794338061544817,5.34,12.285559867866308,0.5896437724581528,120.0,160.0,710.0
Embu,3,High,CTM,Trial end,2.291354685470423,21.304458675454168,5.89,84.37234601206018,1.0000511535116885,120.0,160.0,710.0
Embu,3,High,NTRM,Trial end,2.692436675931499,24.996816830625836,6.104,82.57920398190082,1.544836052995038,120.0,160.0,710.0
Embu,4,High,C,Trial end,2.340833628913828,22.35768263341494,5.402,5.745826519244048,0.004569101093939799,130.0,150.0,720.0
Embu,4,High,NTR,Trial end,2.3762506816281768,23.327801839836198,5.369,6.821706780590352,0.237863829351885,130.0,150.0,720.0
Embu,4,High,CTM,Trial end,2.385028747101439,22.649837581456346,5.838,8.43324843963894,1.0742237454601258,130.0,150.0,720.0
Embu,4,High,NTRM,Trial end,2.6412361798132404,25.135421743740896,5.315,40.372037776521424,0.54679577928849,130.0,150.0,720.0
Embu,5,High,C,Trial end,1.7810029205611029,16.88828448747877,5.84,3.674395888728188,0.10873950089488012,71.8,159.0,770.0
Embu,5,High,NTR,Trial end,1.9986000434501432,20.164215596621446,5.74,10.314899133149511,0.5462500749179424,71.8,159.0,770.0
Embu,5,High,CTM,Trial end,1.8136838215976616,18.304257691677513,5.54,32.07955102818834,0.2515495027564227,71.8,159.0,770.0
Embu,5,High,NTRM,Trial end,2.1550105829423845,20.797962887922232,5.74,9.096649468777965,0.24503605249423452,71.8,159.0,770.0
Embu,6,High,C,Trial end,2.050663122253705,16.7463672568733,5.59,1.3654498995853956,0.004578239296127679,81.19999999999999,156.0,763.0
Embu,6,High,NTR,Trial end,2.2125854557123934,21.6744577613293,5.23,8.899750548767214,0.004578239296127679,81.19999999999999,156.0,763.0
Embu,6,High,CTM,Trial end,2.244589357374396,20.66737961922133,5.41,6.011547308754002,0.22236222428932959,81.19999999999999,156.0,763.0
Embu,6,High,NTRM,Trial end,2.2214960191444364,22.1997699140954,5.454,11.941546043152739,0.16343546984500484,81.19999999999999,156.0,763.0
Embu,7,High,C,Trial end,2.287752105017108,11.619051133382602,6.42,1.1028772130149833,0.00457366563049718,69.80000000000001,102.0,828.0
Embu,7,High,NTR,Trial end,2.2849753998799165,21.772714926211222,6.25,3.1373596306991973,1.0322686674418222,69.80000000000001,102.0,828.0
Embu,7,High,CTM,Trial end,2.1244713806860434,21.022477997788755,6.36,18.016259499707427,1.2380780219446528,69.80000000000001,102.0,828.0
Embu,7,High,NTRM,Trial end,2.4303181293495415,23.985960801785474,6.51,29.27598783617173,1.4268868779398591,69.80000000000001,102.0,828.0
Embu,8,High,C,Trial end,2.0557909451780714,11.3564628268753,5.54,0.050984292788235894,0.0045736656304971824,50.599999999999994,88.2,861.0
Embu,8,High,NTR,Trial end,1.9514636388782822,17.919263548951214,5.27,3.9853300769887094,0.27285272934585164,50.599999999999994,88.2,861.0
Embu,8,High,CTM,Trial end,1.9071167540548188,17.314512481739573,5.46,12.9034078988255,0.4499259398895365,50.599999999999994,88.2,861.0
Embu,8,High,NTRM,Trial end,1.99598867268972,17.963322438472428,5.46,1.686265692837652,0.10547379095048663,50.599999999999994,88.2,861.0
Embu,9,High,C,Trial end,2.667333588133535,15.768385257292,5.89,0.5130427227588982,0.044970120165782355,73.1,164.0,763.0
Embu,9,High,NTR,Trial end,2.445607785896952,24.0243442968676,5.34,43.56985598933635,0.32721886537420836,73.1,164.0,763.0
Embu,9,High,CTM,Trial end,2.4869351858199513,22.913041937723232,5.44,34.45166608709085,0.6330374699983632,73.1,164.0,763.0
Embu,9,High,NTRM,Trial end,2.7326652640660685,26.333344208040337,5.58,10.891486844580779,0.6493249359769447,73.1,164.0,763.0
Embu,10,High,C,Trial end,2.6340091580314984,20.7485251438007,5.72,1.078993684272639,0.5697918634641741,54.900000000000006,179.0,766.0
Embu,10,High,NTR,Trial end,2.687650164178068,26.42391370044247,5.58,5.728759707800747,0.8989533756554793,54.900000000000006,179.0,766.0
Embu,10,High,CTM,Trial end,2.7078967208419797,24.88767205319033,5.88,23.68944594649232,0.5493508997524549,54.900000000000006,179.0,766.0
Embu,10,High,NTRM,Trial end,2.7822912835882856,26.812281224508926,5.675,8.02972983684378,0.8074180666129104,54.900000000000006,179.0,766.0
Embu,11,Low,C,Trial end,2.366220926429711,21.643006693848037,5.79,5.064747297171699,0.44392573734725543,80.3,260.0,660.0
Embu,11,Low,NTR,Trial end,2.1556541602402337,28.580192588718,5.66,12.036007811140836,0.4184127639364936,80.3,260.0,660.0
Embu,11,Low,CTM,Trial end,2.6251303398982935,23.771735712659392,5.66,10.702097908598338,0.7989545488285794,80.3,260.0,660.0
Embu,11,Low,NTRM,Trial end,2.673945573513867,24.453028932309806,5.99,41.95437323367693,1.1080275418286154,80.3,260.0,660.0
Embu,12,Low,C,Trial end,2.2779649651700264,18.664361973237,5.37,6.153259832430087,0.0045736656304971824,134.0,345.0,522.0
Embu,12,Low,NTR,Trial end,2.3496763013571047,21.849203248550594,5.47,60.31401042580377,0.3930958483054352,134.0,345.0,522.0
Embu,12,Low,CTM,Trial end,2.43518231380547,21.999292699024082,5.52,7.922542109874046,0.21243662275466185,134.0,345.0,522.0
Embu,12,Low,NTRM,Trial end,2.5625051563731285,23.254100449167016,5.63,14.584542739939671,0.6515557183110511,134.0,345.0,522.0
Embu,13,High,C,Trial end,2.326752137427526,21.197225606499114,5.24,0.24797156646889593,0.17954882602690672,68.0,181.0,751.0
Embu,13,High,NTR,Trial end,2.4807665390647045,22.922465821539614,5.652,15.197234583409212,0.7190663724107181,68.0,181.0,751.0
Embu,13,High,CTM,Trial end,2.3853412071169187,21.07970885293089,5.38,40.63620758677662,0.4803626472254024,68.0,181.0,751.0
Embu,13,High,NTRM,Trial end,2.6535137113689404,25.208929847232454,5.55,18.375981700047753,0.6880147322113663,68.0,181.0,751.0
Embu,14,High,C,Trial end,2.5373817612710763,20.01849622265,6.02,1.0747077113460348,0.275677607902513,108.0,272.0,620.0
Embu,14,High,NTR,Trial end,2.6953801452295023,25.749301444310593,5.48,16.83844321551577,0.7154337299101737,108.0,272.0,620.0
Embu,14,High,CTM,Trial end,2.6938643111603264,25.15662327911478,5.804,54.92070191595548,0.9284362371476802,108.0,272.0,620.0
Embu,14,High,NTRM,Trial end,2.6637783294839767,25.82799535468457,5.56,64.15297597096941,1.4779382868106947,108.0,272.0,620.0
Embu,15,Low,C,Trial end,2.656587517255489,10.525224428850299,4.952,0.3411693660029335,0.08806368030219165,42.800000000000004,76.0,881.0
Embu,15,Low,NTR,Trial end,2.6394514286972264,28.310612112942223,4.87,3.933608549148665,0.14772011604831087,42.800000000000004,76.0,881.0
Embu,15,Low,CTM,Trial end,2.702622527931184,26.737187813717952,5.34,15.044051266894906,0.33183415766043234,42.800000000000004,76.0,881.0
Embu,15,Low,NTRM,Trial end,3.2114034366342503,35.074722624969624,5.31,66.5413863425435,0.2143332139751394,42.800000000000004,76.0,881.0
Embu,16,Low,C,Trial end,2.435469613646847,10.7425958670666,5.03,5.441955348957349,0.14874063498474133,37.8,96.30000000000001,866.0
Embu,16,Low,NTR,Trial end,2.5656076442464073,28.03519005241324,5.0,37.961483144643175,0.24386841740477377,37.8,96.30000000000001,866.0
Embu,16,Low,CTM,Trial end,2.6452446407683587,27.30731058854719,5.08,38.96282034497962,0.22507545142974064,37.8,96.30000000000001,866.0
Embu,16,Low,NTRM,Trial end,2.4180147464664854,26.6717093933736,5.2,58.669619441835174,0.4249991461613539,37.8,96.30000000000001,866.0
Embu,17,Low,C,Trial end,3.5959794113286985,17.5839313025485,5.08,0.1123810237824932,0.19511374403431422,33.5,74.7,892.0
Embu,17,Low,NTR,Trial end,3.4004253175413197,33.68220854498851,4.98,4.724617774628385,0.3526066240271571,33.5,74.7,892.0
Embu,17,Low,CTM,Trial end,4.157012188299586,46.95047628255976,5.58,29.992025710414815,0.7048611695480462,33.5,74.7,892.0
Embu,17,Low,NTRM,Trial end,3.9633738646617944,40.986075007680576,5.45,8.700619294197448,0.7523327882161962,33.5,74.7,892.0
Embu,18,Low,C,Trial end,3.5578454501529064,23.7844049786677,5.19,0.32486242257721426,0.32689213660199246,39.4,90.39999999999999,870.0
Embu,18,Low,NTR,Trial end,3.272601047492345,30.183604440236614,5.05,34.2556681469785,0.47525240629747256,39.4,90.39999999999999,870.0
Embu,18,Low,CTM,Trial end,3.7859758019114578,36.6371730987804,5.742,2.6121138659901333,0.6709912007030355,39.4,90.39999999999999,870.0
Embu,18,Low,NTRM,Trial end,4.448589838416656,46.546778035703056,5.36,8.952241627314049,0.5561828203546074,39.4,90.39999999999999,870.0
Embu,19,Low,C,Trial end,2.4547382494244867,3.656870838543,5.82,0.23626497084150191,0.4230933203938142,26.8,70.4,903.0
Embu,19,Low,NTR,Trial end,2.9836662409099546,26.18151486302555,4.653,13.194897026631663,0.7956079584664085,26.8,70.4,903.0
Embu,19,Low,CTM,Trial end,2.953506515383836,24.981381554524262,5.17,29.71997346528948,0.5414151012470501,26.8,70.4,903.0
Embu,19,Low,NTRM,Trial end,3.011304360363666,28.286258374419226,6.05,30.188653403897128,1.6778760449024146,26.8,70.4,903.0
Embu,20,Low,C,Trial end,2.3129700253790606,9.4922923001657,5.17,0.11271682365435322,0.16855375793540237,38.4,69.9,892.0
Embu,20,Low,NTR,Trial end,2.8583390975990133,24.93898660091893,4.92,48.72904354633755,0.18726522483499167,38.4,69.9,892.0
Embu,20,Low,CTM,Trial end,2.6750982641944248,23.614553643838864,5.32,31.277420952936975,0.5663880097189121,38.4,69.9,892.0
Embu,20,Low,NTRM,Trial end,3.3196316473575656,32.27652025890507,5.49,97.66600128668179,0.4599216835136831,38.4,69.9,892.0
Mbeere,21,High,C,Trial end,0.5062378877606445,5.14777156006323,6.649,0.09158398742900216,0.024671045288206666,790.0,100.0,100.0
Mbeere,21,High,NTR,Trial end,0.5727598891766881,5.724597391875058,6.331,56.51490801628362,0.027043751815407517,790.0,100.0,100.0
Mbeere,21,High,CTM,Trial end,0.6709796290686183,6.88830947554914,6.708,47.125240955830286,0.01849690572280231,790.0,100.0,100.0
Mbeere,21,High,NTRM,Trial end,0.6293273780397618,6.313499162713918,6.381,40.18425082627246,0.25563961068978913,790.0,100.0,100.0
Mbeere,22,Low,C,Trial end,0.46737728605897805,4.270503709489582,6.832,0.1785584468312311,0.09135469571196667,830.0,90.0,82.0
Mbeere,22,Low,NTR,Trial end,0.4538598155726975,5.8800326746819,6.109,42.058138765643854,0.0910988002057707,830.0,90.0,82.0
Mbeere,22,Low,CTM,Trial end,0.5229063609245326,4.952802120863782,6.607,53.36620127246385,0.20957841957451176,830.0,90.0,82.0
Mbeere,22,Low,NTRM,Trial end,0.6471540282959594,6.273153135390382,6.852,76.3478704335948,0.33727590124336765,830.0,90.0,82.0
Mbeere,23,High,C,Trial end,0.4645177601425108,4.069634513168939,6.487,0.1957622469602434,0.11944344979282828,760.0,110.0,130.0
Mbeere,23,High,NTR,Trial end,0.5377930202605832,5.109341648613983,5.728,64.9424513783779,0.2829117985765866,760.0,110.0,130.0
Mbeere,23,High,CTM,Trial end,0.653165657488336,5.679595255155261,6.889,51.31227921845438,0.35843301483487683,760.0,110.0,130.0
Mbeere,23,High,NTRM,Trial end,0.78961045310534,7.120484994349945,6.818,84.71703908041447,0.5516304805158623,760.0,110.0,130.0
Mbeere,24,High,C,Trial end,0.44006855881572704,4.083656377444974,6.133,0.04572709160894623,0.11814449688153271,770.0,100.0,190.0
Mbeere,24,High,NTR,Trial end,0.5584707570404122,5.104987985579332,5.785,37.55494766620077,0.16948761130049175,770.0,100.0,190.0
Mbeere,24,High,CTM,Trial end,0.7245453712832968,4.867013654951461,6.353,70.95115433787127,0.22381252749755873,770.0,100.0,190.0
Mbeere,24,High,NTRM,Trial end,0.7642919660795512,6.343318557495744,6.439,49.14748757244381,0.36483551977389383,770.0,100.0,190.0
Mbeere,25,High,C,Trial end,0.5636307479163121,5.045296058363603,7.121,0.6702741006203204,0.0045828221182459255,806.0,107.0,87.30000000000001
Mbeere,25,High,NTR,Trial end,0.5872905172791704,5.161053204357811,8.378,32.13983820824906,0.1821800890806978,806.0,107.0,87.30000000000001
Mbeere,25,High,CTM,Trial end,0.3932220951010149,4.006722578288605,7.463,7.859613345867602,0.029865074189438907,806.0,107.0,87.30000000000001
Mbeere,25,High,NTRM,Trial end,0.7430272434951223,5.98001281994056,7.116,51.36348907795382,0.11950320139352505,806.0,107.0,87.30000000000001
Mbeere,26,High,C,Trial end,0.26215318672073057,1.9421805985450287,6.751,0.007981688270362141,0.004559999298931952,820.0,111.0,69.3
Mbeere,26,High,NTR,Trial end,0.535552577226922,4.7625108616595515,7.404,43.0734343213616,0.1044576214661641,820.0,111.0,69.3
Mbeere,26,High,CTM,Trial end,0.4690482265191611,4.07017670464123,6.932,21.770121837928894,0.2238604278986147,820.0,111.0,69.3
Mbeere,26,High,NTRM,Trial end,0.344340764820685,5.66938421184194,6.425,36.0385462579797,0.004575951320467445,820.0,111.0,69.3
Mbeere,27,High,C,Trial end,0.6385401660500102,3.6275863373821697,6.649,0.13970577946733737,0.03989973911709039,731.0,185.0,84.5
Mbeere,27,High,NTR,Trial end,0.6105687490596456,5.152663757022163,6.378,54.86277803585499,0.30676768628832035,731.0,185.0,84.5
Mbeere,27,High,CTM,Trial end,0.7476216236911376,6.365640907055933,6.946,22.759524619829634,0.3783468130889284,731.0,185.0,84.5
Mbeere,27,High,NTRM,Trial end,0.6811434689549657,5.891689120268181,6.89,62.83773481852567,0.25079252862778856,731.0,185.0,84.5
Mbeere,28,Low,C,Trial end,0.5139486178642992,4.14732708405546,6.524,0.013088246950601425,0.06891940197562825,700.0,233.0,67.0
Mbeere,28,Low,NTR,Trial end,0.4964327411643048,4.96248126020446,6.193,67.64180105364883,0.30451565237322226,700.0,233.0,67.0
Mbeere,28,Low,CTM,Trial end,0.5591916665558475,4.07333885600766,6.55,1.8371287580164264,0.3704924672749114,700.0,233.0,67.0
Mbeere,28,Low,NTRM,Trial end,0.5693471571522574,4.422258178441206,6.367,45.66441717029099,0.3865956088576171,700.0,233.0,67.0
Mbeere,33,High,C,Trial end,0.4918549403176498,4.90366582969699,6.837,1.2811663094923853,0.24951687995725047,740.0,114.0,146.0
Mbeere,33,High,NTR,Trial end,0.5415781114781671,5.296930765484604,8.121,5.471192835995319,0.39368519740334446,740.0,114.0,146.0
Mbeere,33,High,CTM,Trial end,0.5509774861788083,5.392777666206277,6.988,30.56504689867031,0.3529592306511842,740.0,114.0,146.0
Mbeere,33,High,NTRM,Trial end,0.5785233241139269,5.3901730379050905,7.243,62.90013574684596,0.45856861626487,740.0,114.0,146.0
Mbeere,34,Low,C,Trial end,0.38123125387284773,3.9193555945437537,7.464,0.02855534633703616,0.44115441286759194,640.0,162.0,198.0
Mbeere,34,Low,NTR,Trial end,0.5928985294554888,5.1167594921373905,6.069,69.21998264603153,0.7690912596534368,640.0,162.0,198.0
Mbeere,34,Low,CTM,Trial end,0.5522462851893047,4.86224958360813,7.222,14.255359359513266,0.37815782866680614,640.0,162.0,198.0
Mbeere,34,Low,NTRM,Trial end,0.575523324113927,5.290173037905095,7.164,58.01693458011331,0.6859568616264868,640.0,162.0,198.0
Mbeere,35,High,C,Trial end,0.5,3.9000000000000004,7.423,0.15050530015763267,0.004578239296127679,759.0,129.0,112.0
Mbeere,35,High,NTR,Trial end,0.7865866724807731,6.958905528991377,6.809,44.79766563522123,0.3046680626096453,759.0,129.0,112.0
Mbeere,35,High,CTM,Trial end,0.6471645234920725,5.915284616060692,7.222,20.378738628792437,0.19156990127372245,759.0,129.0,112.0
Mbeere,35,High,NTRM,Trial end,0.8520948744080188,7.404058770267307,7.367,56.19823158256614,0.25052694380212825,759.0,129.0,112.0
Mbeere,36,Low,C,Trial end,0.3206814428289225,2.885191000502725,7.037,0.07988496950240047,0.004578239296127679,776.0,123.0,101.0
Mbeere,36,Low,NTR,Trial end,0.4312206874467819,5.40995645604489,6.733,13.66898974879538,0.025551204639649064,776.0,123.0,101.0
Mbeere,36,Low,CTM,Trial end,0.48578487626701833,4.577591142529211,7.324,57.37730275818273,0.17289172943596953,776.0,123.0,101.0
Mbeere,36,Low,NTRM,Trial end,0.4595558195475671,5.04770463795033,7.343,49.349220120140004,0.3615628999391734,776.0,123.0,101.0
Mbeere,39,High,C,Trial end,0.9598635100665392,9.336869569604236,7.902,0.27660216880066985,0.81763854846877,688.0,152.0,160.0
Mbeere,39,High,NTR,Trial end,0.9761890234551035,18.725479300146198,7.044,31.04033379359506,0.7643628183350648,688.0,152.0,160.0
Mbeere,39,High,CTM,Trial end,0.9930161718086093,14.877553789879801,7.509,50.475610865170886,0.8917370419237522,688.0,152.0,160.0
Mbeere,39,High,NTRM,Trial end,0.9653016171808599,21.072547930014597,7.519,60.547176921362855,0.97737041923752,688.0,152.0,160.0
Mbeere,40,High,C,Trial end,0.8085271517926458,7.54986319028467,7.55,0.006324161038375385,0.810783160263952,607.0,137.0,256.0
Mbeere,40,High,NTR,Trial end,1.229471539296854,11.462227060070425,7.169,81.02617938241706,0.8926287789656759,607.0,137.0,256.0
Mbeere,40,High,CTM,Trial end,0.9566717615459652,8.855203863399524,7.374,39.052081462792444,1.1254281815008074,607.0,137.0,256.0
Mbeere,40,High,NTRM,Trial end,1.4966689367762362,13.929622485366126,7.827,40.738309460773124,1.4494773177123137,607.0,137.0,256.0
