name,institution,email,paper_referenced,date_drafted,date_sent,status,reply_date
Vincent Ogembo,Vrije Universiteit Brussel / ICPAC,vincent.ogembo@vub.be,"Seasonal Drought Dynamics in Kenya: Remote Sensing and Combined Indices, Climate 2026",2026-10-08,,,
Harison Kipkulei,University of Augsburg,harison.kipkulei@uni-a.de,"Maize yield prediction and condition monitoring at sub-county scale in Kenya, Sci Rep 2024",2026-10-08,,,
Joseph Macharia,Kabarak University,joseph.macharia@kabarak.ac.ke,"Comparison of satellite remote sensing derived precipitation estimates in Kenya, Agric For Meteorol 2020",2026-10-08,,,
Calisto Kennedy Omondi,University of Twente (ITC),c.k.omondi@utwente.nl,"Satellite rainfall bias assessment for crop growth simulation in Kenya, Agric Water Manag 2021",2026-10-08,,,
Joshua Irungu Mwaura,Jomo Kenyatta University of Agriculture and Technology,jmwaura@jkuat.ac.ke,"County level maize yield estimation using artificial neural network, Model Earth Syst Environ 2021",2026-10-08,,,
Benson Kipkemboi Kenduiywo,JKUAT / UC Davis,bkenduiywo@jkuat.ac.ke,"County level maize yield estimation using artificial neural network, Model Earth Syst Environ 2021",2026-10-08,,,
Martin Kiio Musa,Jomo Kenyatta University of Agriculture and Technology,mkmusa2011@gmail.com,"Land use land cover changes and their effects on food security: Kiambu County, Kabarak J 2015",2026-10-08,,,
Lilian Ndungu,RCMRD / SERVIR Eastern and Southern Africa,lndungu@rcmrd.org,"Strengthening food security assessments in Kenya: National Crop Monitor System, 2019",2026-10-08,,,
Stephen Sande,RCMRD / SERVIR Eastern and Southern Africa,sandestephen5@gmail.com,"Strengthening food security assessments in Kenya: National Crop Monitor System, 2019",2026-10-08,,,
